available;categoryId;currencyId;delivery;description;id;modified_time;name;oldprice;pickup;picture;price;shop-sku;type;url;vendor;vendorCode;weight
true;Мебель для ванной/Мебель от 100 см;RUB;true;;645037;1660103810;Тумба индиго матовый 107,5 см Sanflor Ванесса C0002144;;true;https://santehmoll.ru/wa-data/public/shop/products/37/50/645037/images/350503/350503.970.jpg;21780.00;C0002144;;https://ad.admitad.com/g/dra8qamlvk037e654884d22e56a5b7/?f_id=18282&ulp=https%3A%2F%2Fsantehmoll.ru%2Fproduct%2Ftumba_vanessa_105_i_rakovina_oskar_75%2F%3Futm_source%3Dadmitad%26utm_medium%3Dpartner-network&i=5;Sanflor;C0002144;30.700
true;Мебель для ванной/Пеналы;RUB;true;;854452;1660103810;Пенал подвесной белый Jorno Moduo Slim Mod.04.115/P/W;;true;https://santehmoll.ru/wa-data/public/shop/products/52/44/854452/images/553830/553830.970.jpg;11800.00;Mod.04.115/P/W;;https://ad.admitad.com/g/dra8qamlvk037e654884d22e56a5b7/?f_id=18282&ulp=https%3A%2F%2Fsantehmoll.ru%2Fproduct%2Fpenal_moduo_slim_115_belyy%2F%3Futm_source%3Dadmitad%26utm_medium%3Dpartner-network&i=5;Jorno;Mod.04.115/P/W;21.000
true;Сантехника/Смесители/Для умывальника;RUB;true;;538317;1660103810;Смеситель для раковины без донного клапана Paffoni Light LIG071CR;;true;https://santehmoll.ru/wa-data/public/shop/products/17/83/538317/images/269894/269894.970.jpg;20219.00;LIG071CR;;https://ad.admitad.com/g/dra8qamlvk037e654884d22e56a5b7/?f_id=18282&ulp=https%3A%2F%2Fsantehmoll.ru%2Fproduct%2Fsmesitel_dlya_rakoviny_bez_d_k4%2F%3Futm_source%3Dadmitad%26utm_medium%3Dpartner-network&i=5;Paffoni;LIG071CR;2.600
true;Сантехника/Душевая/Душевые гарнитуры;RUB;true;;565562;1660103810;Душевой набор Paffoni Master ZDUP094NO;;true;https://santehmoll.ru/wa-data/public/shop/products/62/55/565562/images/269817/269817.970.jpg;17414.00;ZDUP094NO;;https://ad.admitad.com/g/dra8qamlvk037e654884d22e56a5b7/?f_id=18282&ulp=https%3A%2F%2Fsantehmoll.ru%2Fproduct%2Fnabor_ruch_dusha_vodorozetka_s_podkl_vody_i_krepleniem_iz_metalla_dush_metall_master_shlang_metall_12%2F%3Futm_source%3Dadmitad%26utm_medium%3Dpartner-network&i=5;Paffoni;ZDUP094NO;2.700
true;Сантехника/Смесители/Для ванны и душа;RUB;true;;684848;1660103810;Смеситель для ванны Paffoni Light LIG001NO;;true;https://santehmoll.ru/wa-data/public/shop/products/48/48/684848/images/386594/386594.970.jpg;94908.00;LIG001NO;;https://ad.admitad.com/g/dra8qamlvk037e654884d22e56a5b7/?f_id=18282&ulp=https%3A%2F%2Fsantehmoll.ru%2Fproduct%2Fsmesitel_dlya_vanny_vstraivaemyy_na_2_vykhoda_nakladka_iz_nerzh_stali_350kh120mm_dush_garnitur_master%2F%3Futm_source%3Dadmitad%26utm_medium%3Dpartner-network&i=5;Paffoni;LIG001NO;4.980
true;Сантехника/Смесители/Для ванны и душа;RUB;true;;744461;1660103810;Смеситель для ванны Paffoni Ringo LIG001CR;;true;https://santehmoll.ru/wa-data/public/shop/products/61/44/744461/images/386596/386596.970.jpg;73013.00;LIG001CR;;https://ad.admitad.com/g/dra8qamlvk037e654884d22e56a5b7/?f_id=18282&ulp=https%3A%2F%2Fsantehmoll.ru%2Fproduct%2F00227590%2F%3Futm_source%3Dadmitad%26utm_medium%3Dpartner-network&i=5;Paffoni;LIG001CR;4.980
true;Сантехника/Санфаянс;RUB;true;;200389;1660103810;Приставной безободковый унитаз Grohe Euro Ceramic 3932900H;;true;https://santehmoll.ru/wa-data/public/shop/products/89/03/200389/images/563800/563800.970.jpg;21609.00;3932900H;;https://ad.admitad.com/g/dra8qamlvk037e654884d22e56a5b7/?f_id=18282&ulp=https%3A%2F%2Fsantehmoll.ru%2Fproduct%2Feuro_ceramic_unitaz_napolnyy2%2F%3Futm_source%3Dadmitad%26utm_medium%3Dpartner-network&i=5;Grohe;3932900H;42.000
true;Аксессуары;RUB;true;;902483;1660103810;Ёршик IDDIS Noa NOABLG0i47;3590.00;true;https://santehmoll.ru/wa-data/public/shop/products/83/24/902483/images/646164/646164.970.jpg;2872.00;NOABLG0i47;;https://ad.admitad.com/g/dra8qamlvk037e654884d22e56a5b7/?f_id=18282&ulp=https%3A%2F%2Fsantehmoll.ru%2Fproduct%2Fersh_iddis_noa_chernyy_matovyy_noablg0i47_%2F%3Futm_source%3Dadmitad%26utm_medium%3Dpartner-network&i=5;IDDIS;NOABLG0i47;1.000
true;Сантехника/Санфаянс;RUB;true;;902464;1660103810;Подвесной безободковый унитаз с сиденьем микролифт IDDIS Bridge BRIRDSEi25;;true;https://santehmoll.ru/wa-data/public/shop/products/64/24/902464/images/654874/654874.970.jpg;17990.00;BRIRDSEi25;;https://ad.admitad.com/g/dra8qamlvk037e654884d22e56a5b7/?f_id=18282&ulp=https%3A%2F%2Fsantehmoll.ru%2Fproduct%2Fchasha_unitaza_iddis_bridge_podvesnaya_bezobodkovaya_brirdsei25_%2F%3Futm_source%3Dadmitad%26utm_medium%3Dpartner-network&i=5;IDDIS;BRIRDSEi25;26.600
true;Сантехника/Смесители/Для ванны и душа;RUB;true;;584877;1660103810;Смеситель для ванны Grohe Concetto 24054001;;true;https://santehmoll.ru/wa-data/public/shop/products/77/48/584877/images/348229/348229.970.jpg;13440.00;24054001;;https://ad.admitad.com/g/dra8qamlvk037e654884d22e56a5b7/?f_id=18282&ulp=https%3A%2F%2Fsantehmoll.ru%2Fproduct%2Fconcetto_smes1_rychvan_krug_35600%2F%3Futm_source%3Dadmitad%26utm_medium%3Dpartner-network&i=5;Grohe;24054001;1.765
true;Сантехника/Смесители/Для ванны и душа;RUB;true;;219216;1660103810;Смеситель для душа E.C.A Tiera 102154024EX;;true;https://santehmoll.ru/wa-data/public/shop/products/16/92/219216/images/228146/228146.970.jpg;10412.00;102154024EX;;https://ad.admitad.com/g/dra8qamlvk037e654884d22e56a5b7/?f_id=18282&ulp=https%3A%2F%2Fsantehmoll.ru%2Fproduct%2Fsmesitel_dlya_dusha129%2F%3Futm_source%3Dadmitad%26utm_medium%3Dpartner-network&i=5;E.C.A;102154024EX;
true;Сантехника/Смесители/Для ванны и душа;RUB;true;;573109;1660103810;Смеситель для ванны Paffoni Candy CA022CR;;true;https://santehmoll.ru/wa-data/public/shop/products/09/31/573109/images/270000/270000.970.jpg;25394.00;CA022CR;;https://ad.admitad.com/g/dra8qamlvk037e654884d22e56a5b7/?f_id=18282&ulp=https%3A%2F%2Fsantehmoll.ru%2Fproduct%2Fsmesitel_dlya_vanny_bez_dushevogo_nabora2%2F%3Futm_source%3Dadmitad%26utm_medium%3Dpartner-network&i=5;Paffoni;CA022CR;2.900
true;Сантехника/Смесители/Для ванны и душа;RUB;true;;744439;1660103810;Смеситель для ванны Paffoni Ringo RIN019CR/M;;true;https://santehmoll.ru/wa-data/public/shop/products/39/44/744439/images/386558/386558.970.jpg;41946.00;RIN019CR/M;;https://ad.admitad.com/g/dra8qamlvk037e654884d22e56a5b7/?f_id=18282&ulp=https%3A%2F%2Fsantehmoll.ru%2Fproduct%2F00227555%2F%3Futm_source%3Dadmitad%26utm_medium%3Dpartner-network&i=5;Paffoni;RIN019CR/M;2.800
true;Мебель для ванной/Пеналы;RUB;true;;210745;1660103810;Пенал напольный белый матовый R Sanflor Ванесса C000005884;;true;https://santehmoll.ru/wa-data/public/shop/products/45/07/210745/images/208608/208608.970.jpg;21594.00;C000005884;;https://ad.admitad.com/g/dra8qamlvk037e654884d22e56a5b7/?f_id=18282&ulp=https%3A%2F%2Fsantehmoll.ru%2Fproduct%2Fpenal_vanessa_2_r_b_%2F%3Futm_source%3Dadmitad%26utm_medium%3Dpartner-network&i=5;Sanflor;C000005884;29.600
true;Сантехника/Смесители/Для ванны и душа;RUB;true;;450128;1660103810;Смеситель для ванны Paffoni Nettuno Due ND022CR;;true;https://santehmoll.ru/wa-data/public/shop/products/28/01/450128/images/269878/269878.970.jpg;17283.00;ND022CR;;https://ad.admitad.com/g/dra8qamlvk037e654884d22e56a5b7/?f_id=18282&ulp=https%3A%2F%2Fsantehmoll.ru%2Fproduct%2Fsmesitel_dlya_vanny_bez_dushnabora8%2F%3Futm_source%3Dadmitad%26utm_medium%3Dpartner-network&i=5;Paffoni;ND022CR;2.080
true;Сантехника/Санфаянс;RUB;true;;178161;1660103810;Унитаз-компакт с сиденьем Santek Анимо 1.WH30.2.134;;false;https://santehmoll.ru/wa-data/public/shop/products/61/81/178161/images/642795/642795.970.jpg;8219.00;1.WH30.2.134;;https://ad.admitad.com/g/dra8qamlvk037e654884d22e56a5b7/?f_id=18282&ulp=https%3A%2F%2Fsantehmoll.ru%2Fproduct%2F1wh110026_unitaz_kompakt_animo_kosoy_vyp_bez_sidenya_%2F%3Futm_source%3Dadmitad%26utm_medium%3Dpartner-network&i=5;Santek;1.WH30.2.134;24.950
true;Аксессуары;RUB;true;;485603;1660103810;Полотенцедержатель 49,3 см Rav Slezak Colorado COA0701/45;4371.00;true;https://santehmoll.ru/wa-data/public/shop/products/03/56/485603/images/399460/399460.970.jpg;3497.00;COA0701/45;;https://ad.admitad.com/g/dra8qamlvk037e654884d22e56a5b7/?f_id=18282&ulp=https%3A%2F%2Fsantehmoll.ru%2Fproduct%2Fpolotencederzhatel_493_mm%2F%3Futm_source%3Dadmitad%26utm_medium%3Dpartner-network&i=5;Rav Slezak;COA0701/45;
true;Аксессуары;RUB;true;;519009;1660103810;Держатель туалетной бумаги Rav Slezak Yukon YUA0400CB;3984.00;true;https://santehmoll.ru/wa-data/public/shop/products/09/90/519009/images/398922/398922.970.jpg;3187.00;YUA0400CB;;https://ad.admitad.com/g/dra8qamlvk037e654884d22e56a5b7/?f_id=18282&ulp=https%3A%2F%2Fsantehmoll.ru%2Fproduct%2Fderzhatel_tualetnoy_bumagi_khrom_belaya%2F%3Futm_source%3Dadmitad%26utm_medium%3Dpartner-network&i=5;Rav Slezak;YUA0400CB;
true;Аксессуары;RUB;true;;604553;1660103810;Полотенцедержатель 34,3 см Rav Slezak Colorado COA0701/30;3810.00;true;https://santehmoll.ru/wa-data/public/shop/products/53/45/604553/images/399458/399458.970.jpg;3048.00;COA0701/30;;https://ad.admitad.com/g/dra8qamlvk037e654884d22e56a5b7/?f_id=18282&ulp=https%3A%2F%2Fsantehmoll.ru%2Fproduct%2Fpolotencederzhatel_343_mm%2F%3Futm_source%3Dadmitad%26utm_medium%3Dpartner-network&i=5;Rav Slezak;COA0701/30;
true;Аксессуары;RUB;true;;599783;1660103810;Ёршик Rav Slezak Colorado COA0500;3707.00;true;https://santehmoll.ru/wa-data/public/shop/products/83/97/599783/images/399411/399411.970.jpg;2966.00;COA0500;;https://ad.admitad.com/g/dra8qamlvk037e654884d22e56a5b7/?f_id=18282&ulp=https%3A%2F%2Fsantehmoll.ru%2Fproduct%2Ftualetnaya_shchetka_dlya_unitaza_s_derzhatelem%2F%3Futm_source%3Dadmitad%26utm_medium%3Dpartner-network&i=5;Rav Slezak;COA0500;
true;Аксессуары;RUB;true;;618298;1660103810;Держатель туалетной бумаги Rav Slezak Colorado COA0400;3675.00;true;https://santehmoll.ru/wa-data/public/shop/products/98/82/618298/images/399399/399399.970.jpg;2940.00;COA0400;;https://ad.admitad.com/g/dra8qamlvk037e654884d22e56a5b7/?f_id=18282&ulp=https%3A%2F%2Fsantehmoll.ru%2Fproduct%2Fderzhatel_tualetnoy_bumagi_s_kryshkoy8%2F%3Futm_source%3Dadmitad%26utm_medium%3Dpartner-network&i=5;Rav Slezak;COA0400;
true;Сантехника/Смесители/Для кухни;RUB;true;;789538;1660103810;Смеситель для кухни РМС SL52-011F;;true;https://santehmoll.ru/wa-data/public/shop/products/38/95/789538/images/437589/437589.970.jpg;2520.00;SL52-011F;;https://ad.admitad.com/g/dra8qamlvk037e654884d22e56a5b7/?f_id=18282&ulp=https%3A%2F%2Fsantehmoll.ru%2Fproduct%2Fsmesitel_rms_dlya_kukhni_sl52_011f_%2F%3Futm_source%3Dadmitad%26utm_medium%3Dpartner-network&i=5;РМС;SL52-011F;1.239
true;Сантехника/Смесители/Для умывальника;RUB;true;;814581;1660103810;Смеситель для раковины с донным клапаном Grohe BauEdge New 23760001;;true;https://santehmoll.ru/wa-data/public/shop/products/81/45/814581/images/487744/487744.970.jpg;8253.00;23760001;;https://ad.admitad.com/g/dra8qamlvk037e654884d22e56a5b7/?f_id=18282&ulp=https%3A%2F%2Fsantehmoll.ru%2Fproduct%2Fbauedge_smesdrak_ny_razmer_l_ecojoy%2F%3Futm_source%3Dadmitad%26utm_medium%3Dpartner-network&i=5;Grohe;23760001;1.590
true;Сантехника/Смесители/Для умывальника;RUB;true;;888258;1660103810;Смеситель для раковины без донного клапана Grohe Eurosmart 23971003;;true;https://santehmoll.ru/wa-data/public/shop/products/58/82/888258/images/546520/546520.970.jpg;14910.00;23971003;;https://ad.admitad.com/g/dra8qamlvk037e654884d22e56a5b7/?f_id=18282&ulp=https%3A%2F%2Fsantehmoll.ru%2Fproduct%2Fesm_smesdotdelnost_y_rak_ny_razmxl%2F%3Futm_source%3Dadmitad%26utm_medium%3Dpartner-network&i=5;Grohe;23971003;2.200
true;Сантехника/Душевая/Кронштейны;RUB;true;;558;1660103810;Кронштейн для верхнего душа 380 мм Grohe Rainshower 28361000;;true;https://santehmoll.ru/wa-data/public/shop/products/58/05/558/images/564581/564581.970.jpg;9625.00;28361000;;https://ad.admitad.com/g/dra8qamlvk037e654884d22e56a5b7/?f_id=18282&ulp=https%3A%2F%2Fsantehmoll.ru%2Fproduct%2Fgrohe-rainshower-28361000-dushevoi-kronshtein-modern%2F%3Futm_source%3Dadmitad%26utm_medium%3Dpartner-network&i=5;Grohe;28361000;0.700
true;Сантехника/Душевая/Душевые гарнитуры;RUB;true;;489625;1660103810;Душевой набор Paffoni Belinda ZDUP035GF;;true;https://santehmoll.ru/wa-data/public/shop/products/25/96/489625/images/269770/269770.970.jpg;24797.00;ZDUP035GF;;https://ad.admitad.com/g/dra8qamlvk037e654884d22e56a5b7/?f_id=18282&ulp=https%3A%2F%2Fsantehmoll.ru%2Fproduct%2Fnabor_dush_ruchn_kreplenie_iz_metalla_shlang_1500mm_metall_model_belinda3%2F%3Futm_source%3Dadmitad%26utm_medium%3Dpartner-network&i=5;Paffoni;ZDUP035GF;0.700
true;Сантехника/Душевая/Душевые гарнитуры;RUB;true;;131301;1660103810;Душевой гарнитур Grohe Euphoria 27936000;;true;https://santehmoll.ru/wa-data/public/shop/products/01/13/131301/images/567420/567420.970.jpg;15330.00;27936000;;https://ad.admitad.com/g/dra8qamlvk037e654884d22e56a5b7/?f_id=18282&ulp=https%3A%2F%2Fsantehmoll.ru%2Fproduct%2Fhg-27-936-000-do-311210-stoika-mistral-unica-d-065m%2F%3Futm_source%3Dadmitad%26utm_medium%3Dpartner-network&i=5;Grohe;27936000;1.435
true;Аксессуары;RUB;true;;909286;1660103810;Крючок двойной Am.Pm Gem A9035622;1890.00;true;https://santehmoll.ru/wa-data/public/shop/products/86/92/909286/images/585717/585717.970.jpg;1090.00;A9035622;;https://ad.admitad.com/g/dra8qamlvk037e654884d22e56a5b7/?f_id=18282&ulp=https%3A%2F%2Fsantehmoll.ru%2Fproduct%2Fa9035622_gem_dvoynoy_kryuchok_dlya_polotenec_chernyy%2F%3Futm_source%3Dadmitad%26utm_medium%3Dpartner-network&i=5;Am.Pm;A9035622;0.155
true;Сантехника/Душевая/Держатели для душа;RUB;true;;14905;1660103810;Держатель для душа Grohe Rainshower NG 27055000;;true;https://santehmoll.ru/wa-data/public/shop/products/05/49/14905/images/567005/567005.970.jpg;3549.00;27055000;;https://ad.admitad.com/g/dra8qamlvk037e654884d22e56a5b7/?f_id=18282&ulp=https%3A%2F%2Fsantehmoll.ru%2Fproduct%2F27055000-rainshower-ng-nastennyi-derjatel-reguli-x%2F%3Futm_source%3Dadmitad%26utm_medium%3Dpartner-network&i=5;Grohe;27055000;0.150
true;Сантехника/Мойки/Мойки из нержавеющей стали;RUB;true;;782744;1660103810;Кухонная мойка Tolero Twist нержавеющая сталь/серый металлик TTS-890K;;true;https://santehmoll.ru/wa-data/public/shop/products/44/27/782744/images/587073/587073.970.jpg;25900.00;474490;;https://ad.admitad.com/g/dra8qamlvk037e654884d22e56a5b7/?f_id=18282&ulp=https%3A%2F%2Fsantehmoll.ru%2Fproduct%2Ftolero_twist_tts_890%2F%3Futm_source%3Dadmitad%26utm_medium%3Dpartner-network&i=5;Tolero;474490;11.500
true;Сантехника/Сифоны/Донные клапаны;RUB;true;;745157;1660103810;Донный клапан с переливом IDDIS Oldie OLDBR00i88;;true;https://santehmoll.ru/wa-data/public/shop/products/57/51/745157/images/655627/655627.970.jpg;1990.00;OLDBR00i88;;https://ad.admitad.com/g/dra8qamlvk037e654884d22e56a5b7/?f_id=18282&ulp=https%3A%2F%2Fsantehmoll.ru%2Fproduct%2Foldbr00i88%2F%3Futm_source%3Dadmitad%26utm_medium%3Dpartner-network&i=5;IDDIS;OLDBR00i88;0.230
true;Сантехника/Раковины;RUB;true;"Одно отверстие под смеситель.
Перелив.
Возможна установка на пьедестал и полупьедестал.";159713;1660103810;Раковина 55х47 см Roca The Gap 327475000;;true;https://santehmoll.ru/wa-data/public/shop/products/13/97/159713/images/610294/610294.970.jpg;14289.00;327475000;;https://ad.admitad.com/g/dra8qamlvk037e654884d22e56a5b7/?f_id=18282&ulp=https%3A%2F%2Fsantehmoll.ru%2Fproduct%2Fgap-rakovina-5547%2F%3Futm_source%3Dadmitad%26utm_medium%3Dpartner-network&i=5;Roca;327475000;
true;Сантехника/Смесители/Для ванны и душа;RUB;true;;888360;1660103810;Смеситель для ванны Grohe Eurosmart 33300003;;true;https://santehmoll.ru/wa-data/public/shop/products/60/83/888360/images/548568/548568.970.jpg;8316.00;33300003;;https://ad.admitad.com/g/dra8qamlvk037e654884d22e56a5b7/?f_id=18282&ulp=https%3A%2F%2Fsantehmoll.ru%2Fproduct%2Fesm_smesitel_dlya_vanny_naruzhnyy%2F%3Futm_source%3Dadmitad%26utm_medium%3Dpartner-network&i=5;Grohe;33300003;1.970
true;Инженерная сантехника/Запорная арматура;RUB;true;;207779;1660103810;"Угловой вентиль 1/2""х3/8"" Grohe 22039000";;true;https://santehmoll.ru/wa-data/public/shop/products/79/77/207779/images/588142/588142.970.jpg;699.00;22039000;;https://ad.admitad.com/g/dra8qamlvk037e654884d22e56a5b7/?f_id=18282&ulp=https%3A%2F%2Fsantehmoll.ru%2Fproduct%2Fuglovoy_ventil_s_metallicheskoy_rozetkoy_i_uplotnitelnym_kolcom_1_2_3_8_1_sht%2F%3Futm_source%3Dadmitad%26utm_medium%3Dpartner-network&i=5;Grohe;22039000;0.161
true;Сантехника/Уголки, ограждения, поддоны/Душевые двери;RUB;true;;188428;1660103810;Душевая дверь 80-90 см Cezares SLIDER-B-1-80/90-GRIGIO-Cr серое;;true;https://santehmoll.ru/wa-data/public/shop/products/28/84/188428/images/444910/444910.970.jpg;37620.00;SLIDER-B-1-80/90-GRIGIO-Cr;;https://ad.admitad.com/g/dra8qamlvk037e654884d22e56a5b7/?f_id=18282&ulp=https%3A%2F%2Fsantehmoll.ru%2Fproduct%2Fdushevoe_ograzhdenie101%2F%3Futm_source%3Dadmitad%26utm_medium%3Dpartner-network&i=5;Cezares;SLIDER-B-1-80/90-GRIGIO-Cr;42.000
true;Сантехника/Ванны;RUB;true;;187464;1660103810;Панель фронтальная 170 см Cezares Plane EMP-170-SCR;;false;https://santehmoll.ru/wa-data/public/shop/products/64/74/187464/images/142329/142329.970.jpg;9580.00;EMP-170-SCR;;https://ad.admitad.com/g/dra8qamlvk037e654884d22e56a5b7/?f_id=18282&ulp=https%3A%2F%2Fsantehmoll.ru%2Fproduct%2Fperednyaya_panel3%2F%3Futm_source%3Dadmitad%26utm_medium%3Dpartner-network&i=5;Cezares;EMP-170-SCR;5.500
true;Сантехника/Уголки, ограждения, поддоны/Душевые углы;RUB;true;;795728;1660103810;Душевой уголок 100-110х80-90 см Cezares SLIDER-AH-2-80/90-100/110-GRIGIO-Cr серое;;true;https://santehmoll.ru/wa-data/public/shop/products/28/57/795728/images/443866/443866.970.jpg;74580.00;SLIDER-AH-2-80/90-100/110-GRIGIO-Cr;;https://ad.admitad.com/g/dra8qamlvk037e654884d22e56a5b7/?f_id=18282&ulp=https%3A%2F%2Fsantehmoll.ru%2Fproduct%2Fslider_ah_2_80_90_100_110_grigio_cr%2F%3Futm_source%3Dadmitad%26utm_medium%3Dpartner-network&i=5;Cezares;SLIDER-AH-2-80/90-100/110-GRIGIO-Cr;45.000
true;Сантехника/Уголки, ограждения, поддоны/Душевые углы;RUB;true;;795732;1660103810;Душевой уголок 90-100х80-90 см Cezares SLIDER-AH-2-80/90-90/100-GRIGIO-Cr серое;;true;https://santehmoll.ru/wa-data/public/shop/products/32/57/795732/images/443846/443846.970.jpg;72590.00;SLIDERAH280/9090/100GRIGIOCR;;https://ad.admitad.com/g/dra8qamlvk037e654884d22e56a5b7/?f_id=18282&ulp=https%3A%2F%2Fsantehmoll.ru%2Fproduct%2Fslider_ah_2_80_90_90_100_grigio_cr%2F%3Futm_source%3Dadmitad%26utm_medium%3Dpartner-network&i=5;Cezares;SLIDERAH280/9090/100GRIGIOCR;
true;Сантехника/Уголки, ограждения, поддоны/Душевые углы;RUB;true;;795736;1660103810;Душевой уголок 100-110х90-100 см Cezares SLIDER-AH-2-90/100-100/110-GRIGIO-Cr серое;;true;https://santehmoll.ru/wa-data/public/shop/products/36/57/795736/images/443883/443883.970.jpg;76550.00;SLIDER-AH-2-90/100-100/110-GRIGIO-Cr;;https://ad.admitad.com/g/dra8qamlvk037e654884d22e56a5b7/?f_id=18282&ulp=https%3A%2F%2Fsantehmoll.ru%2Fproduct%2Fslider_ah_2_90_100_100_110_grigio_cr%2F%3Futm_source%3Dadmitad%26utm_medium%3Dpartner-network&i=5;Cezares;SLIDER-AH-2-90/100-100/110-GRIGIO-Cr;46.000
true;Сантехника/Уголки, ограждения, поддоны/Душевые двери;RUB;true;;795740;1660103810;Душевая дверь 90-100 см Cezares SLIDER-B-1-90/100-GRIGIO-Cr серое;;true;https://santehmoll.ru/wa-data/public/shop/products/40/57/795740/images/444940/444940.970.jpg;39590.00;SLIDER-B-1-90/100-GRIGIO-Cr;;https://ad.admitad.com/g/dra8qamlvk037e654884d22e56a5b7/?f_id=18282&ulp=https%3A%2F%2Fsantehmoll.ru%2Fproduct%2Fslider_b_1_90_100_grigio_cr%2F%3Futm_source%3Dadmitad%26utm_medium%3Dpartner-network&i=5;Cezares;SLIDER-B-1-90/100-GRIGIO-Cr;44.500
true;Мебель для ванной/Мебель от 100 см;RUB;true;;815431;1660103810;Тумба с раковиной белый глянец 100 см Bellezza Пегас 4630417140011 + 5902115715297;;true;https://santehmoll.ru/wa-data/public/shop/products/31/54/815431/images/512767/512767.970.jpg;47650.00;SET/4630417140011/5902115715297;;https://ad.admitad.com/g/dra8qamlvk037e654884d22e56a5b7/?f_id=18282&ulp=https%3A%2F%2Fsantehmoll.ru%2Fproduct%2Fset_4630417140011_5902115715297%2F%3Futm_source%3Dadmitad%26utm_medium%3Dpartner-network&i=5;Bellezza;SET/4630417140011/5902115715297;
true;Мебель для ванной/Мебель от 100 см;RUB;true;;815590;1660103810;Тумба с раковиной бежевый глянец 100 см Bellezza Андрэа 4639017110073 + 5902115715297;;false;https://santehmoll.ru/wa-data/public/shop/products/90/55/815590/images/512739/512739.970.jpg;48160.00;SET/4639017110073/5902115715297;;https://ad.admitad.com/g/dra8qamlvk037e654884d22e56a5b7/?f_id=18282&ulp=https%3A%2F%2Fsantehmoll.ru%2Fproduct%2Fset_4639017110073_5902115715297%2F%3Futm_source%3Dadmitad%26utm_medium%3Dpartner-network&i=5;Bellezza;SET/4639017110073/5902115715297;
true;Мебель для ванной/Мебель от 100 см;RUB;true;;815589;1660103810;Тумба с раковиной белый глянец 100 см Bellezza Андрэа 4639017110011 + 5902115715297;;true;https://santehmoll.ru/wa-data/public/shop/products/89/55/815589/images/510273/510273.970.jpg;48160.00;SET/4639017110011/5902115715297;;https://ad.admitad.com/g/dra8qamlvk037e654884d22e56a5b7/?f_id=18282&ulp=https%3A%2F%2Fsantehmoll.ru%2Fproduct%2Fset_4639017110011_5902115715297%2F%3Futm_source%3Dadmitad%26utm_medium%3Dpartner-network&i=5;Bellezza;SET/4639017110011/5902115715297;
true;Сантехника/Инсталляционные системы;RUB;true;;13352;1660103810;Монтажный элемент для писсуара Grohe Rapid U 38786001;;true;https://santehmoll.ru/wa-data/public/shop/products/52/33/13352/images/457322/457322.970.jpg;24570.00;38786001;;https://ad.admitad.com/g/dra8qamlvk037e654884d22e56a5b7/?f_id=18282&ulp=https%3A%2F%2Fsantehmoll.ru%2Fproduct%2Fgrohe-rapid-sl-38786001-dlja--pissuara-s-rapido-u-bez-prinadlezhnostej%2F%3Futm_source%3Dadmitad%26utm_medium%3Dpartner-network&i=5;Grohe;38786001;12.100
true;Сантехника/Смесители/Для кухни;RUB;true;;6541;1660103810;Смеситель для кухни Grohe Eurodisc Cosmopolitan 32257002;;true;https://santehmoll.ru/wa-data/public/shop/products/41/65/6541/images/573804/573804.970.jpg;21735.00;32257002;;https://ad.admitad.com/g/dra8qamlvk037e654884d22e56a5b7/?f_id=18282&ulp=https%3A%2F%2Fsantehmoll.ru%2Fproduct%2Fgrohe-eurodisc-cosmopolitan-32257002-smesitel-dlya-kuhni%2F%3Futm_source%3Dadmitad%26utm_medium%3Dpartner-network&i=5;Grohe;32257002;2.880
true;Сантехника/Мойки/Гранитные мойки;RUB;true;;512041;1660103810;Кухонная мойка Artgranit Omoikiri Yonaka 98-C-BE ваниль 4993710;;true;https://santehmoll.ru/wa-data/public/shop/products/41/20/512041/images/508105/508105.970.jpg;27088.00;4993710;;https://ad.admitad.com/g/dra8qamlvk037e654884d22e56a5b7/?f_id=18282&ulp=https%3A%2F%2Fsantehmoll.ru%2Fproduct%2Fmoyka_yonaka_98_c_be_artgranit_vanil_new%2F%3Futm_source%3Dadmitad%26utm_medium%3Dpartner-network&i=5;Omoikiri;4993710;18.900
true;Сантехника/Уголки, ограждения, поддоны/Душевые углы;RUB;true;;795729;1660103810;Душевой уголок 100-110х80-90 см Cezares SLIDER-AH-2-80/90-100/110-GRIGIO-NERO серое;;true;https://santehmoll.ru/wa-data/public/shop/products/29/57/795729/images/443870/443870.970.jpg;77660.00;SLIDER-AH-2-80/90-100/110-GRIGIO-NERO;;https://ad.admitad.com/g/dra8qamlvk037e654884d22e56a5b7/?f_id=18282&ulp=https%3A%2F%2Fsantehmoll.ru%2Fproduct%2Fslider_ah_2_80_90_100_110_grigio_nero%2F%3Futm_source%3Dadmitad%26utm_medium%3Dpartner-network&i=5;Cezares;SLIDER-AH-2-80/90-100/110-GRIGIO-NERO;45.000
true;Сантехника/Уголки, ограждения, поддоны/Душевые углы;RUB;true;;795691;1660103810;Душевой уголок 100-110х100-110 см Cezares SLIDER-A-2-100/110-GRIGIO-NERO серое;;true;https://santehmoll.ru/wa-data/public/shop/products/91/56/795691/images/443829/443829.970.jpg;81620.00;SLIDER-A-2-100/110-GRIGIO-NERO;;https://ad.admitad.com/g/dra8qamlvk037e654884d22e56a5b7/?f_id=18282&ulp=https%3A%2F%2Fsantehmoll.ru%2Fproduct%2Fslider_a_2_100_110_grigio_nero%2F%3Futm_source%3Dadmitad%26utm_medium%3Dpartner-network&i=5;Cezares;SLIDER-A-2-100/110-GRIGIO-NERO;45.000
true;Сантехника/Уголки, ограждения, поддоны/Душевые углы;RUB;true;;795710;1660103810;Душевой уголок 100-110х79,5 см Cezares SLIDER-AH-1-80-100/110-GRIGIO-NERO серое;;true;https://santehmoll.ru/wa-data/public/shop/products/10/57/795710/images/444551/444551.970.jpg;64570.00;SLIDER-AH-1-80-100/110-GRIGIO-NERO;;https://ad.admitad.com/g/dra8qamlvk037e654884d22e56a5b7/?f_id=18282&ulp=https%3A%2F%2Fsantehmoll.ru%2Fproduct%2Fslider_ah_1_80_100_110_grigio_nero%2F%3Futm_source%3Dadmitad%26utm_medium%3Dpartner-network&i=5;Cezares;SLIDER-AH-1-80-100/110-GRIGIO-NERO;45.000
true;Сантехника/Уголки, ограждения, поддоны/Душевые углы;RUB;true;;795713;1660103810;Душевой уголок 80-90х79,5 см Cezares SLIDER-AH-1-80-80/90-GRIGIO-NERO серое;;true;https://santehmoll.ru/wa-data/public/shop/products/13/57/795713/images/444329/444329.970.jpg;60610.00;SLIDER-AH-1-80-80/90-GRIGIO-NERO;;https://ad.admitad.com/g/dra8qamlvk037e654884d22e56a5b7/?f_id=18282&ulp=https%3A%2F%2Fsantehmoll.ru%2Fproduct%2Fslider_ah_1_80_80_90_grigio_nero%2F%3Futm_source%3Dadmitad%26utm_medium%3Dpartner-network&i=5;Cezares;SLIDER-AH-1-80-80/90-GRIGIO-NERO;45.000
true;Сантехника/Уголки, ограждения, поддоны/Душевые углы;RUB;true;;795712;1660103810;Душевой уголок 80-90х79,5 см Cezares SLIDER-AH-1-80-80/90-GRIGIO-Cr серое;;true;https://santehmoll.ru/wa-data/public/shop/products/12/57/795712/images/444322/444322.970.jpg;58760.00;SLIDER-AH-1-80-80/90-GRIGIO-Cr;;https://ad.admitad.com/g/dra8qamlvk037e654884d22e56a5b7/?f_id=18282&ulp=https%3A%2F%2Fsantehmoll.ru%2Fproduct%2Fslider_ah_1_80_80_90_grigio_cr%2F%3Futm_source%3Dadmitad%26utm_medium%3Dpartner-network&i=5;Cezares;SLIDER-AH-1-80-80/90-GRIGIO-Cr;45.000
true;Сантехника/Уголки, ограждения, поддоны/Душевые углы;RUB;true;;795715;1660103810;Душевой уголок 90-100х79,5 см Cezares SLIDER-AH-1-80-90/100-GRIGIO-Cr серое;;true;https://santehmoll.ru/wa-data/public/shop/products/15/57/795715/images/444391/444391.970.jpg;60730.00;SLIDER-AH-1-80-90/100-GRIGIO-Cr;;https://ad.admitad.com/g/dra8qamlvk037e654884d22e56a5b7/?f_id=18282&ulp=https%3A%2F%2Fsantehmoll.ru%2Fproduct%2Fslider_ah_1_80_90_100_grigio_cr%2F%3Futm_source%3Dadmitad%26utm_medium%3Dpartner-network&i=5;Cezares;SLIDER-AH-1-80-90/100-GRIGIO-Cr;45.000
true;Сантехника/Уголки, ограждения, поддоны/Душевые углы;RUB;true;;795716;1660103810;Душевой уголок 90-100х79,5 см Cezares SLIDER-AH-1-80-90/100-GRIGIO-NERO серое;;true;https://santehmoll.ru/wa-data/public/shop/products/16/57/795716/images/444401/444401.970.jpg;62580.00;SLIDER-AH-1-80-90/100-GRIGIO-NERO;;https://ad.admitad.com/g/dra8qamlvk037e654884d22e56a5b7/?f_id=18282&ulp=https%3A%2F%2Fsantehmoll.ru%2Fproduct%2Fslider_ah_1_80_90_100_grigio_nero%2F%3Futm_source%3Dadmitad%26utm_medium%3Dpartner-network&i=5;Cezares;SLIDER-AH-1-80-90/100-GRIGIO-NERO;45.000
true;Аксессуары;RUB;true;;922551;1660103810;Дозатор сафари Tolero 694944;;true;https://santehmoll.ru/wa-data/public/shop/products/51/25/922551/images/598468/598468.970.jpg;2900.00;694944;;https://ad.admitad.com/g/dra8qamlvk037e654884d22e56a5b7/?f_id=18282&ulp=https%3A%2F%2Fsantehmoll.ru%2Fproduct%2Fsafari_694944%2F%3Futm_source%3Dadmitad%26utm_medium%3Dpartner-network&i=5;Tolero;694944;
true;Сантехника/Смесители/Для кухни;RUB;true;;922545;1660103810;Смеситель для кухни черный Tolero Высокий 694746;;true;https://santehmoll.ru/wa-data/public/shop/products/45/25/922545/images/598568/598568.970.jpg;7900.00;694746;;https://ad.admitad.com/g/dra8qamlvk037e654884d22e56a5b7/?f_id=18282&ulp=https%3A%2F%2Fsantehmoll.ru%2Fproduct%2Fchernyy_694746%2F%3Futm_source%3Dadmitad%26utm_medium%3Dpartner-network&i=5;Tolero;694746;2.360
true;Аксессуары;RUB;true;;656779;1660103810;Разделочная доска Tolero R-122 824944;;true;https://santehmoll.ru/wa-data/public/shop/products/79/67/656779/images/599020/599020.970.jpg;2200.00;824944;;https://ad.admitad.com/g/dra8qamlvk037e654884d22e56a5b7/?f_id=18282&ulp=https%3A%2F%2Fsantehmoll.ru%2Fproduct%2Fdoska_razdelochnaya_iz_buka_tolero_dlya_r_122%2F%3Futm_source%3Dadmitad%26utm_medium%3Dpartner-network&i=5;Tolero;824944;
true;Аксессуары;RUB;true;;656780;1660103810;Разделочная доска Tolero R-114 824937;;true;https://santehmoll.ru/wa-data/public/shop/products/80/67/656780/images/599019/599019.970.jpg;2200.00;824937;;https://ad.admitad.com/g/dra8qamlvk037e654884d22e56a5b7/?f_id=18282&ulp=https%3A%2F%2Fsantehmoll.ru%2Fproduct%2Fdoska_razdelochnaya_iz_buka_tolero_dlya_r_114%2F%3Futm_source%3Dadmitad%26utm_medium%3Dpartner-network&i=5;Tolero;824937;
true;Аксессуары;RUB;true;;656781;1660103810;Разделочная доска Tolero R-112 824920;;true;https://santehmoll.ru/wa-data/public/shop/products/81/67/656781/images/599018/599018.970.jpg;2200.00;824920;;https://ad.admitad.com/g/dra8qamlvk037e654884d22e56a5b7/?f_id=18282&ulp=https%3A%2F%2Fsantehmoll.ru%2Fproduct%2Fdoska_razdelochnaya_iz_buka_tolero_dlya_r_112%2F%3Futm_source%3Dadmitad%26utm_medium%3Dpartner-network&i=5;Tolero;824920;
true;Аксессуары;RUB;true;;656783;1660103810;Разделочная доска Tolero R-109 824906;;true;https://santehmoll.ru/wa-data/public/shop/products/83/67/656783/images/599013/599013.970.jpg;2200.00;824906;;https://ad.admitad.com/g/dra8qamlvk037e654884d22e56a5b7/?f_id=18282&ulp=https%3A%2F%2Fsantehmoll.ru%2Fproduct%2Fdoska_razdelochnaya_iz_buka_tolero_dlya_r_109%2F%3Futm_source%3Dadmitad%26utm_medium%3Dpartner-network&i=5;Tolero;824906;
true;Аксессуары;RUB;true;;656784;1660103810;Разделочная доска Tolero R-108 824890;;true;https://santehmoll.ru/wa-data/public/shop/products/84/67/656784/images/599008/599008.970.jpg;2200.00;824890;;https://ad.admitad.com/g/dra8qamlvk037e654884d22e56a5b7/?f_id=18282&ulp=https%3A%2F%2Fsantehmoll.ru%2Fproduct%2Fdoska_razdelochnaya_iz_buka_tolero_dlya_r_108%2F%3Futm_source%3Dadmitad%26utm_medium%3Dpartner-network&i=5;Tolero;824890;
true;Аксессуары;RUB;true;;656785;1660103810;Разделочная доска Tolero R-107 824883;;true;https://santehmoll.ru/wa-data/public/shop/products/85/67/656785/images/599007/599007.970.jpg;2200.00;824883;;https://ad.admitad.com/g/dra8qamlvk037e654884d22e56a5b7/?f_id=18282&ulp=https%3A%2F%2Fsantehmoll.ru%2Fproduct%2Fdoska_razdelochnaya_iz_buka_tolero_dlya_r_107%2F%3Futm_source%3Dadmitad%26utm_medium%3Dpartner-network&i=5;Tolero;824883;
true;Аксессуары;RUB;true;;656733;1660103810;Разделочная доска Polygran Argo 601253;;true;https://santehmoll.ru/wa-data/public/shop/products/33/67/656733/images/598988/598988.970.jpg;2200.00;601253;;https://ad.admitad.com/g/dra8qamlvk037e654884d22e56a5b7/?f_id=18282&ulp=https%3A%2F%2Fsantehmoll.ru%2Fproduct%2Fdozator_tolero_cvet_seryy_metallik_001_r0500_%2F%3Futm_source%3Dadmitad%26utm_medium%3Dpartner-network&i=5;Polygran;601253;
true;Аксессуары;RUB;true;;656735;1660103810;Разделочная доска Polygran Gals 601246;;true;https://santehmoll.ru/wa-data/public/shop/products/35/67/656735/images/598993/598993.970.jpg;2200.00;601246;;https://ad.admitad.com/g/dra8qamlvk037e654884d22e56a5b7/?f_id=18282&ulp=https%3A%2F%2Fsantehmoll.ru%2Fproduct%2Fdoska_razdelochnaya_dlya_r_107_tolero%2F%3Futm_source%3Dadmitad%26utm_medium%3Dpartner-network&i=5;Polygran;601246;
true;Сантехника/Смесители/Для умывальника;RUB;true;;912901;1660103810;Смеситель для раковины Dorff Logic D3002102SS;;true;https://santehmoll.ru/wa-data/public/shop/products/01/29/912901/images/598798/598798.970.jpg;5790.00;D3002102SS;;https://ad.admitad.com/g/dra8qamlvk037e654884d22e56a5b7/?f_id=18282&ulp=https%3A%2F%2Fsantehmoll.ru%2Fproduct%2Fd3002102ss_logic_new_smesitel_dlya_umyvalnika_iz_nerzhaveyushchey_stali_vysokiy%2F%3Futm_source%3Dadmitad%26utm_medium%3Dpartner-network&i=5;Dorff;D3002102SS;1.700
true;Сантехника/Инсталляционные системы/Панели смыва для унитаза;RUB;true;;134125;1660103810;Накладная панель Grohe Nova Cosmopolitan 38765P00;;true;https://santehmoll.ru/wa-data/public/shop/products/25/41/134125/images/564228/564228.970.jpg;5565.00;38765P00;;https://ad.admitad.com/g/dra8qamlvk037e654884d22e56a5b7/?f_id=18282&ulp=https%3A%2F%2Fsantehmoll.ru%2Fproduct%2Fnova-cosmopolitan-nakladnaya-panel-38765p00%2F%3Futm_source%3Dadmitad%26utm_medium%3Dpartner-network&i=5;Grohe;38765P00;0.450
true;Сантехника/Смесители/Для умывальника;RUB;true;;11924;1660103810;Смеситель для раковины с донным клапаном Grohe Allure 32757000;;true;https://santehmoll.ru/wa-data/public/shop/products/24/19/11924/images/574126/574126.970.jpg;31920.00;32757000;;https://ad.admitad.com/g/dra8qamlvk037e654884d22e56a5b7/?f_id=18282&ulp=https%3A%2F%2Fsantehmoll.ru%2Fproduct%2F32757000-grohe-allure-smesitel-dlya-rakoviny-umenshennyy%2F%3Futm_source%3Dadmitad%26utm_medium%3Dpartner-network&i=5;Grohe;32757000;1.700
true;Аксессуары;RUB;true;;134871;1660103810;Дозатор 500 мл Grohe Authentic 40537000;;true;https://santehmoll.ru/wa-data/public/shop/products/71/48/134871/images/561512/561512.970.jpg;5208.00;40537000;;https://ad.admitad.com/g/dra8qamlvk037e654884d22e56a5b7/?f_id=18282&ulp=https%3A%2F%2Fsantehmoll.ru%2Fproduct%2F134871%2F%3Futm_source%3Dadmitad%26utm_medium%3Dpartner-network&i=5;Grohe;40537000;0.460
true;Сантехника/Инсталляционные системы/Панели смыва для унитаза;RUB;true;;11886;1660103810;Накладная панель Grohe Skate Air 38565000;;true;https://santehmoll.ru/wa-data/public/shop/products/86/18/11886/images/560100/560100.970.jpg;3948.00;38565000;;https://ad.admitad.com/g/dra8qamlvk037e654884d22e56a5b7/?f_id=18282&ulp=https%3A%2F%2Fsantehmoll.ru%2Fproduct%2F38565000-grohe-skate-air-nakladnaya-panel%2F%3Futm_source%3Dadmitad%26utm_medium%3Dpartner-network&i=5;Grohe;38565000;0.500
true;Сантехника/Смесители/Для кухни;RUB;true;;175054;1660103810;Смеситель для кухни Grohe Minta 30274DC0;;true;https://santehmoll.ru/wa-data/public/shop/products/54/50/175054/images/576766/576766.970.jpg;31395.00;30274DC0;;https://ad.admitad.com/g/dra8qamlvk037e654884d22e56a5b7/?f_id=18282&ulp=https%3A%2F%2Fsantehmoll.ru%2Fproduct%2Fminta_smesitel_odnorychazhnoy_dlya_moyki_l_izliv_s_vydvizhnym_izlivom_s_aeratorom2%2F%3Futm_source%3Dadmitad%26utm_medium%3Dpartner-network&i=5;Grohe;30274DC0;3.145
true;Сантехника/Душевая/Душевые гарнитуры;RUB;true;;177216;1660103810;Душевой набор Grohe Sena 28348000;;true;https://santehmoll.ru/wa-data/public/shop/products/16/72/177216/images/412080/412080.970.jpg;17745.00;28348000;;https://ad.admitad.com/g/dra8qamlvk037e654884d22e56a5b7/?f_id=18282&ulp=https%3A%2F%2Fsantehmoll.ru%2Fproduct%2Fsena_dushevoy_garnitur_28348000_%2F%3Futm_source%3Dadmitad%26utm_medium%3Dpartner-network&i=5;Grohe;28348000;0.870
true;Сантехника/Смесители/Для умывальника;RUB;true;;383270;1660103810;Смеситель для раковины без донного клапана Grohe Eurostyle New 29097003;;true;https://santehmoll.ru/wa-data/public/shop/products/70/32/383270/images/566652/566652.970.jpg;16590.00;29097003;;https://ad.admitad.com/g/dra8qamlvk037e654884d22e56a5b7/?f_id=18282&ulp=https%3A%2F%2Fsantehmoll.ru%2Fproduct%2Feurostyle_2015_solid_smesitel_odnorychazhnyy_dlya_rakoviny_na_2_otverstiya_nastennyy_komplekt_verkhney%2F%3Futm_source%3Dadmitad%26utm_medium%3Dpartner-network&i=5;Grohe;29097003;1.730
true;Сантехника/Смесители/Для умывальника;RUB;true;;459531;1660103810;Смеситель для раковины с донным клапаном Grohe Essence New 23799001;;true;https://santehmoll.ru/wa-data/public/shop/products/31/95/459531/images/351088/351088.970.jpg;15540.00;23799001;;https://ad.admitad.com/g/dra8qamlvk037e654884d22e56a5b7/?f_id=18282&ulp=https%3A%2F%2Fsantehmoll.ru%2Fproduct%2Fessence_new_smesdrak_glks_nazhgarn_l%2F%3Futm_source%3Dadmitad%26utm_medium%3Dpartner-network&i=5;Grohe;23799001;1.840
true;Сантехника/Смесители/Для ванны и душа;RUB;true;;488440;1660103810;Смеситель для ванны Grohe Eurostyle New 24047003;;true;https://santehmoll.ru/wa-data/public/shop/products/40/84/488440/images/348734/348734.970.jpg;11655.00;24047003;;https://ad.admitad.com/g/dra8qamlvk037e654884d22e56a5b7/?f_id=18282&ulp=https%3A%2F%2Fsantehmoll.ru%2Fproduct%2Fest_2015_solid_smes1_rychvan_krug_35600%2F%3Futm_source%3Dadmitad%26utm_medium%3Dpartner-network&i=5;Grohe;24047003;1.835
true;Сантехника/Смесители/Для умывальника;RUB;true;;628979;1660103810;Смеситель для раковины без донного клапана Grohe Plus 29303003;;true;https://santehmoll.ru/wa-data/public/shop/products/79/89/628979/images/270064/270064.970.jpg;21105.00;29303003;;https://ad.admitad.com/g/dra8qamlvk037e654884d22e56a5b7/?f_id=18282&ulp=https%3A%2F%2Fsantehmoll.ru%2Fproduct%2Fplus_smesitel_drakoviny_nasten_m_size%2F%3Futm_source%3Dadmitad%26utm_medium%3Dpartner-network&i=5;Grohe;29303003;1.415
true;Сантехника/Душевая/Душевые лейки;RUB;true;;641655;1660103810;Ручной душ 130 мм Grohe Rainshower SmartActive Cube 26582AL0;;true;https://santehmoll.ru/wa-data/public/shop/products/55/16/641655/images/347014/347014.970.jpg;10974.00;26582AL0;;https://ad.admitad.com/g/dra8qamlvk037e654884d22e56a5b7/?f_id=18282&ulp=https%3A%2F%2Fsantehmoll.ru%2Fproduct%2Frsh_130_smact_rdush_3r_kvd_95_grftmt%2F%3Futm_source%3Dadmitad%26utm_medium%3Dpartner-network&i=5;Grohe;26582AL0;0.370
true;Сантехника/Смесители/Для кухни;RUB;true;;639901;1660103810;Смеситель для кухни Grohe Zedra 32553002;;true;https://santehmoll.ru/wa-data/public/shop/products/01/99/639901/images/347454/347454.970.jpg;31920.00;32553002;;https://ad.admitad.com/g/dra8qamlvk037e654884d22e56a5b7/?f_id=18282&ulp=https%3A%2F%2Fsantehmoll.ru%2Fproduct%2Fzedra_smesdmoyki_l_izl_2_rezhima_strui2%2F%3Futm_source%3Dadmitad%26utm_medium%3Dpartner-network&i=5;Grohe;32553002;3.300
true;Сантехника/Душевая/Душевые системы;RUB;true;;187357;1660103810;Душевая система 200 мм Bravat Opal R F9125183CP-A2-RUS;;true;https://santehmoll.ru/wa-data/public/shop/products/57/73/187357/images/142053/142053.970.jpg;18155.00;F9125183CP-A2-RUS;;https://ad.admitad.com/g/dra8qamlvk037e654884d22e56a5b7/?f_id=18282&ulp=https%3A%2F%2Fsantehmoll.ru%2Fproduct%2Fdushevaya_kolonna_so_smesitelem_dlya_dusha_verkhniy_dush_krugloy_formy_%2F%3Futm_source%3Dadmitad%26utm_medium%3Dpartner-network&i=5;Bravat;F9125183CP-A2-RUS;6.330
true;Сантехника/Смесители/Для кухни;RUB;true;;180423;1660103810;Смеситель для кухни Grohe Costa L 31191001;;true;https://santehmoll.ru/wa-data/public/shop/products/23/04/180423/images/576988/576988.970.jpg;7403.00;31191001;;https://ad.admitad.com/g/dra8qamlvk037e654884d22e56a5b7/?f_id=18282&ulp=https%3A%2F%2Fsantehmoll.ru%2Fproduct%2Fcosta_l_smesitel_dlya_moyki_nastennyy_s_vysokim_izlivom_31191001_%2F%3Futm_source%3Dadmitad%26utm_medium%3Dpartner-network&i=5;Grohe;31191001;1.550
true;Аксессуары;RUB;true;;195124;1660103810;Дозатор жидкого мыла бронза Tiffany World Harmony TWHA108br;;true;https://santehmoll.ru/wa-data/public/shop/products/24/51/195124/images/164168/164168.970.jpg;13936.00;TWHA108BR;;https://ad.admitad.com/g/dra8qamlvk037e654884d22e56a5b7/?f_id=18282&ulp=https%3A%2F%2Fsantehmoll.ru%2Fproduct%2Ftw_harmony_108_podvesnoy_dozator_dlya_zh_myla_keramicheskiy_belyy_cvet_derzhatelya_bronza%2F%3Futm_source%3Dadmitad%26utm_medium%3Dpartner-network&i=5;Tiffany World;TWHA108BR;
true;Мебель для ванной/Мебель 60 - 70 см;RUB;true;;206919;1660103810;Тумба белый глянец 58,5 см Санта Сити 201076;;true;https://santehmoll.ru/wa-data/public/shop/products/19/69/206919/images/634761/634761.970.jpg;7388.00;201076;;https://ad.admitad.com/g/dra8qamlvk037e654884d22e56a5b7/?f_id=18282&ulp=https%3A%2F%2Fsantehmoll.ru%2Fproduct%2Ftumba_dlya_umyv_siti_60_2_dv_2_yashch%2F%3Futm_source%3Dadmitad%26utm_medium%3Dpartner-network&i=5;Санта;201076;16.500
true;Мебель для ванной/Зеркала для ванной комнаты;RUB;true;;815907;1660103810;Зеркало 75х80 см BelBagno SPC-GRT-750-800-LED-TCH;;true;https://santehmoll.ru/wa-data/public/shop/products/07/59/815907/images/498667/498667.970.jpg;9820.00;SPC-GRT-750-800-LED-TCH;;https://ad.admitad.com/g/dra8qamlvk037e654884d22e56a5b7/?f_id=18282&ulp=https%3A%2F%2Fsantehmoll.ru%2Fproduct%2Fzerkalo_s_vstroennym_svetilnikom_i_sensornym_vyklyuchatelem_spc_grt_750_800_led_tch_12w_220_240v_7%2F%3Futm_source%3Dadmitad%26utm_medium%3Dpartner-network&i=5;BelBagno;SPC-GRT-750-800-LED-TCH;10.600
true;Сантехника/Смесители/Универсальные;RUB;true;;859998;1660103810;Смеситель для ванны Tsarsberg TSB-111-79;;true;https://santehmoll.ru/wa-data/public/shop/products/98/99/859998/images/600623/600623.970.jpg;2060.00;TSB-111-79;;https://ad.admitad.com/g/dra8qamlvk037e654884d22e56a5b7/?f_id=18282&ulp=https%3A%2F%2Fsantehmoll.ru%2Fproduct%2Fsmesitel_dlya_vanny_s_dushem_tsarsberg_tsb_111_79_tip_sm_vudrnshla%2F%3Futm_source%3Dadmitad%26utm_medium%3Dpartner-network&i=5;Tsarsberg;TSB-111-79;1.389
true;Сантехника/Смесители/Универсальные;RUB;true;;860005;1660103810;Смеситель для ванны Tsarsberg TSB-120-95;;true;https://santehmoll.ru/wa-data/public/shop/products/05/00/860005/images/600715/600715.970.jpg;2460.00;TSB-120-95;;https://ad.admitad.com/g/dra8qamlvk037e654884d22e56a5b7/?f_id=18282&ulp=https%3A%2F%2Fsantehmoll.ru%2Fproduct%2Fsmesitel_dlya_vanny_s_dushem_tsarsberg_tsb_120_95_tip_sm_vudrnshla%2F%3Futm_source%3Dadmitad%26utm_medium%3Dpartner-network&i=5;Tsarsberg;TSB-120-95;1.290
true;Сантехника/Смесители/Универсальные;RUB;true;;860068;1660103810;Смеситель для ванны Tsarsberg TSB-118-95;;true;https://santehmoll.ru/wa-data/public/shop/products/68/00/860068/images/600703/600703.970.jpg;1860.00;TSB-118-95;;https://ad.admitad.com/g/dra8qamlvk037e654884d22e56a5b7/?f_id=18282&ulp=https%3A%2F%2Fsantehmoll.ru%2Fproduct%2Fsmesitel_dlya_vanny_s_dushem_tsarsberg_tsb_118_95_tip_sm_vudrnshla%2F%3Futm_source%3Dadmitad%26utm_medium%3Dpartner-network&i=5;Tsarsberg;TSB-118-95;1.450
true;Мебель для ванной/Мебель 80 - 90 см;RUB;true;;854501;1660103810;Тумба белый 74,8 см Jorno Slide Sli.01.75/P/W;;true;https://santehmoll.ru/wa-data/public/shop/products/01/45/854501/images/554860/554860.970.jpg;14990.00;Sli.01.75/P/W;;https://ad.admitad.com/g/dra8qamlvk037e654884d22e56a5b7/?f_id=18282&ulp=https%3A%2F%2Fsantehmoll.ru%2Fproduct%2Ftumba_slide_75_podvesnaya_belaya%2F%3Futm_source%3Dadmitad%26utm_medium%3Dpartner-network&i=5;Jorno;Sli.01.75/P/W;20.000
true;Сантехника/Уголки, ограждения, поддоны/Душевые двери;RUB;true;;889390;1660103810;Душевая дверь 140 см BelBagno Uno UNO-195-BF-1-140-C-Cr прозрачное;;true;https://santehmoll.ru/wa-data/public/shop/products/90/93/889390/images/550599/550599.970.jpg;18970.00;UNO-195-BF-1-140-C-Cr;;https://ad.admitad.com/g/dra8qamlvk037e654884d22e56a5b7/?f_id=18282&ulp=https%3A%2F%2Fsantehmoll.ru%2Fproduct%2Funo_195_bf_1_140_c_cr%2F%3Futm_source%3Dadmitad%26utm_medium%3Dpartner-network&i=5;BelBagno;UNO-195-BF-1-140-C-Cr;34.000
true;Сантехника/Смесители/Для ванны и душа;RUB;true;;800105;1660103810;Смеситель для ванны AM.PM X-Joy S F85B15000;;true;https://santehmoll.ru/wa-data/public/shop/products/05/01/800105/images/501097/501097.970.jpg;15490.00;F85B15000;;https://ad.admitad.com/g/dra8qamlvk037e654884d22e56a5b7/?f_id=18282&ulp=https%3A%2F%2Fsantehmoll.ru%2Fproduct%2Ff85b15000_x_joy_s_smesitel_d_vanny_dusha_dushnabor_khrom_sht%2F%3Futm_source%3Dadmitad%26utm_medium%3Dpartner-network&i=5;Am.Pm;F85B15000;3.000
true;Сантехника/Душевая/Душевые лейки;RUB;true;;209385;1660103810;Верхний душ 225 мм Am.Pm Gem F0590000;;true;https://santehmoll.ru/wa-data/public/shop/products/85/93/209385/images/660975/660975.970.jpg;5790.00;F0590000;;https://ad.admitad.com/g/dra8qamlvk037e654884d22e56a5b7/?f_id=18282&ulp=https%3A%2F%2Fsantehmoll.ru%2Fproduct%2Ff0590000_gem_verkhniy_dush_220_mm_khrom_sht%2F%3Futm_source%3Dadmitad%26utm_medium%3Dpartner-network&i=5;Am.Pm;F0590000;0.767
true;Сантехника/Раковины;RUB;true;;203183;1660103810;Раковина 68х35 см Artceram Cognac COL0050100;;true;https://santehmoll.ru/wa-data/public/shop/products/83/31/203183/images/187968/187968.970.jpg;39589.00;COL005 01 00;;https://ad.admitad.com/g/dra8qamlvk037e654884d22e56a5b7/?f_id=18282&ulp=https%3A%2F%2Fsantehmoll.ru%2Fproduct%2Fartceram_cognac_rakovina_nakladnaya_68kh35_sm_bez_otv_pod_smesitel_bez_sliv_pereliva_cvet_belyy%2F%3Futm_source%3Dadmitad%26utm_medium%3Dpartner-network&i=5;Artceram;COL005 01 00;12.500
true;Сантехника/Раковины;RUB;true;;203234;1660103810;Раковина 56,5х38,5 см Artceram Nettuno NTL0010100;;true;https://santehmoll.ru/wa-data/public/shop/products/34/32/203234/images/188090/188090.970.jpg;17213.00;NTL001 01 00;;https://ad.admitad.com/g/dra8qamlvk037e654884d22e56a5b7/?f_id=18282&ulp=https%3A%2F%2Fsantehmoll.ru%2Fproduct%2Fartceram_washbasins_nettuno_rakovina_vstraivaemaya_snizu_56kh38_sm_bez_otv_pod_smesitel_bez_krepe%2F%3Futm_source%3Dadmitad%26utm_medium%3Dpartner-network&i=5;Artceram;NTL001 01 00;8.000
true;Аксессуары;RUB;true;;197417;1660103810;Полотенцедержатель 61 см Fixsen Modern FX-51502;;true;https://santehmoll.ru/wa-data/public/shop/products/17/74/197417/images/169683/169683.970.jpg;4301.00;FX-51502;;https://ad.admitad.com/g/dra8qamlvk037e654884d22e56a5b7/?f_id=18282&ulp=https%3A%2F%2Fsantehmoll.ru%2Fproduct%2Fpolotencederzhatel_trubchatyy_2_oy_60_sm_3%2F%3Futm_source%3Dadmitad%26utm_medium%3Dpartner-network&i=5;Fixsen;FX-51502;0.747
true;Сантехника/Санфаянс;RUB;true;;433755;1660103810;Приставной безободковый унитаз Laufen Pro 8.2295.6.000.000.1;;true;https://santehmoll.ru/wa-data/public/shop/products/55/37/433755/images/410562/410562.970.jpg;31156.00;8.2295.6.000.000.1;;https://ad.admitad.com/g/dra8qamlvk037e654884d22e56a5b7/?f_id=18282&ulp=https%3A%2F%2Fsantehmoll.ru%2Fproduct%2Flaufen_pro_rimless_vario_belyy%2F%3Futm_source%3Dadmitad%26utm_medium%3Dpartner-network&i=5;Laufen;8.2295.6.000.000.1;29.000
true;Мебель для ванной/Мебель от 100 см;RUB;true;;645005;1660103810;Тумба белый матовый 107,5 см Sanflor Ванесса C0002145;;true;https://santehmoll.ru/wa-data/public/shop/products/05/50/645005/images/350508/350508.970.jpg;38412.00;C0002145;;https://ad.admitad.com/g/dra8qamlvk037e654884d22e56a5b7/?f_id=18282&ulp=https%3A%2F%2Fsantehmoll.ru%2Fproduct%2Ftumba_vanessa_105_2_b_rakovina_oskar_75%2F%3Futm_source%3Dadmitad%26utm_medium%3Dpartner-network&i=5;Sanflor;C0002145;41.400
true;Мебель для ванной/Зеркала для ванной комнаты;RUB;true;;191295;1660103810;Зеркальный шкаф 74х85 см белый глянец Aqwella Corsica Kor.04.07;12026.00;true;https://santehmoll.ru/wa-data/public/shop/products/95/12/191295/images/263482/263482.970.jpg;9140.00;Kor.04.07;;https://ad.admitad.com/g/dra8qamlvk037e654884d22e56a5b7/?f_id=18282&ulp=https%3A%2F%2Fsantehmoll.ru%2Fproduct%2Fshkaf_zerkalo_korsika_v7%2F%3Futm_source%3Dadmitad%26utm_medium%3Dpartner-network&i=5;Aqwella;Kor.04.07;19.200
true;Мебель для ванной/Мебель 80 - 90 см;RUB;true;;914242;1660103810;Тумба белый глянец 78,5 см Jacob Delafon Tolbiac EB2382-J5;24720.00;true;https://santehmoll.ru/wa-data/public/shop/products/42/42/914242/images/584517/584517.970.jpg;19780.00;EB2382-J5;;https://ad.admitad.com/g/dra8qamlvk037e654884d22e56a5b7/?f_id=18282&ulp=https%3A%2F%2Fsantehmoll.ru%2Fproduct%2Feb2382_j5_tolbiac_tumba_pod_rakovinu_80sm_2_yashchika_cvet_belyy_lak%2F%3Futm_source%3Dadmitad%26utm_medium%3Dpartner-network&i=5;Jacob Delafon;EB2382-J5;23.500
true;Мебель для ванной/Мебель 60 - 70 см;RUB;true;;191407;1660103810;Тумба белый глянец 64,6 см Aqwella Neo Neo.01.07/1;15268.00;true;https://santehmoll.ru/wa-data/public/shop/products/07/14/191407/images/263523/263523.970.jpg;11604.00;Neo.01.07/1;;https://ad.admitad.com/g/dra8qamlvk037e654884d22e56a5b7/?f_id=18282&ulp=https%3A%2F%2Fsantehmoll.ru%2Fproduct%2Ftumba_neo_t7_1_pod_umyvalnik_podvesnaya_dreya_q70_%2F%3Futm_source%3Dadmitad%26utm_medium%3Dpartner-network&i=5;Aqwella;Neo.01.07/1;22.000
true;Сантехника/Раковины;RUB;true;;177104;1660103810;Раковина напольная 53 см Laufen Alessi One 8.1197.2.400.104.1;;true;https://santehmoll.ru/wa-data/public/shop/products/04/71/177104/images/99104/99104.970.jpg;230314.00;8.1197.2.400.104.1;;https://ad.admitad.com/g/dra8qamlvk037e654884d22e56a5b7/?f_id=18282&ulp=https%3A%2F%2Fsantehmoll.ru%2Fproduct%2Frakovina_svobodnostoyashchaya_obedinennaya_s_pedestalom_laufen_alessi_8119724001041%2F%3Futm_source%3Dadmitad%26utm_medium%3Dpartner-network&i=5;Laufen;8.1197.2.400.104.1;49.000
true;Сантехника/Санфаянс;RUB;true;;178120;1660103810;Унитаз-компакт с сиденьем Santek Лига 1.WH30.2.141;;true;https://santehmoll.ru/wa-data/public/shop/products/20/81/178120/images/369116/369116.970.jpg;6908.00;1.WH30.2.141;;https://ad.admitad.com/g/dra8qamlvk037e654884d22e56a5b7/?f_id=18282&ulp=https%3A%2F%2Fsantehmoll.ru%2Fproduct%2F1wh302141_unitaz_kompakt_liga_diagonvypusk_s_sidenem_%2F%3Futm_source%3Dadmitad%26utm_medium%3Dpartner-network&i=5;Santek;1.WH30.2.141;27.450
true;Аксессуары;RUB;true;;197418;1660103810;Полотенцедержатель двойной поворотный 42 см Fixsen Modern FX-51502A;;true;https://santehmoll.ru/wa-data/public/shop/products/18/74/197418/images/169684/169684.970.jpg;3808.00;FX-51502A;;https://ad.admitad.com/g/dra8qamlvk037e654884d22e56a5b7/?f_id=18282&ulp=https%3A%2F%2Fsantehmoll.ru%2Fproduct%2Fpolotencederzhatel_roga_2_ye2%2F%3Futm_source%3Dadmitad%26utm_medium%3Dpartner-network&i=5;Fixsen;FX-51502A;0.374
true;Сантехника/Душевая/Душевые шланги;RUB;true;;195113;1660103810;Душевой шланг 200 см Milardo 220S200M19;;true;https://santehmoll.ru/wa-data/public/shop/products/13/51/195113/images/656571/656571.970.jpg;790.00;220S200M19;;https://ad.admitad.com/g/dra8qamlvk037e654884d22e56a5b7/?f_id=18282&ulp=https%3A%2F%2Fsantehmoll.ru%2Fproduct%2Fshlang_dlya_dusha13%2F%3Futm_source%3Dadmitad%26utm_medium%3Dpartner-network&i=5;Milardo;220S200M19;0.350
true;Аксессуары;RUB;true;;429465;1660103810;Штора для ванной комнаты IDDIS Basic B14P118i11;1090.00;true;https://santehmoll.ru/wa-data/public/shop/products/65/94/429465/images/647329/647329.970.jpg;871.00;B14P118i11;;https://ad.admitad.com/g/dra8qamlvk037e654884d22e56a5b7/?f_id=18282&ulp=https%3A%2F%2Fsantehmoll.ru%2Fproduct%2Fb14p118i11_shtora_dlya_vannoy_komnaty_180_180sm_poliester_id%2F%3Futm_source%3Dadmitad%26utm_medium%3Dpartner-network&i=5;IDDIS;B14P118i11;0.530
true;Мебель для ванной/Мебель 60 - 70 см;RUB;true;;683529;1660103810;Тумба с раковиной белый глянец/лайн 66 см Corozo Лорена SETSD-00000319/SD-00000391;;false;https://santehmoll.ru/wa-data/public/shop/products/29/35/683529/images/403853/403853.970.jpg;15630.00;SETSD-00000319/SD-00000391;;https://ad.admitad.com/g/dra8qamlvk037e654884d22e56a5b7/?f_id=18282&ulp=https%3A%2F%2Fsantehmoll.ru%2Fproduct%2Fsetsd00000319_sd00000391%2F%3Futm_source%3Dadmitad%26utm_medium%3Dpartner-network&i=5;Corozo;SETSD-00000319/SD-00000391;
true;Сантехника/Санфаянс;RUB;true;;745258;1660103810;Пьедестал для раковины Santeri Orion 1.3600.8.S00.00B.0;;true;https://santehmoll.ru/wa-data/public/shop/products/58/52/745258/images/405922/405922.970.jpg;1356.00;1.3600.8.S00.00B.0;;https://ad.admitad.com/g/dra8qamlvk037e654884d22e56a5b7/?f_id=18282&ulp=https%3A%2F%2Fsantehmoll.ru%2Fproduct%2F136008s0000b0_pedestal_orion_belyy%2F%3Futm_source%3Dadmitad%26utm_medium%3Dpartner-network&i=5;Santeri;1.3600.8.S00.00B.0;8.500
true;Сантехника/Раковины;RUB;true;;745260;1660103810;Раковина 45,2х37 см Santeri Rodnichok 1.3131.0.S00.10B.0;;true;https://santehmoll.ru/wa-data/public/shop/products/60/52/745260/images/406421/406421.970.jpg;1359.60;1.3131.0.S00.10B.0;;https://ad.admitad.com/g/dra8qamlvk037e654884d22e56a5b7/?f_id=18282&ulp=https%3A%2F%2Fsantehmoll.ru%2Fproduct%2F131310s0010b0_rukomoynik_rodnichok_belyy%2F%3Futm_source%3Dadmitad%26utm_medium%3Dpartner-network&i=5;Santeri;1.3131.0.S00.10B.0;8.500
true;Сантехника/Санфаянс;RUB;true;;745334;1660103810;Унитаз-компакт с сиденьем Santeri Orion 1.P400.8.S00.00B.F;;true;https://santehmoll.ru/wa-data/public/shop/products/34/53/745334/images/405686/405686.970.jpg;5860.00;1.P400.8.S00.00B.F;;https://ad.admitad.com/g/dra8qamlvk037e654884d22e56a5b7/?f_id=18282&ulp=https%3A%2F%2Fsantehmoll.ru%2Fproduct%2F1p4008s0000bf_unitaz_kompakt_orion_belyy%2F%3Futm_source%3Dadmitad%26utm_medium%3Dpartner-network&i=5;Santeri;1.P400.8.S00.00B.F;31.420
true;Сантехника/Смесители/Для биде;RUB;true;;462658;1660103810;Смеситель для биде без донного клапана Paffoni Light LIG131NO;;true;https://santehmoll.ru/wa-data/public/shop/products/58/26/462658/images/269933/269933.970.jpg;26820.00;LIG131NO;;https://ad.admitad.com/g/dra8qamlvk037e654884d22e56a5b7/?f_id=18282&ulp=https%3A%2F%2Fsantehmoll.ru%2Fproduct%2Fsmesitel_dlya_bide_bez_d_k2%2F%3Futm_source%3Dadmitad%26utm_medium%3Dpartner-network&i=5;Paffoni;LIG131NO;3.700
true;Сантехника/Смесители/Для ванны и душа;RUB;true;;572732;1660103810;Смеситель для ванны Paffoni Ringo RIN015NO/M;;true;https://santehmoll.ru/wa-data/public/shop/products/32/27/572732/images/269843/269843.970.jpg;32991.00;RIN015NO/M;;https://ad.admitad.com/g/dra8qamlvk037e654884d22e56a5b7/?f_id=18282&ulp=https%3A%2F%2Fsantehmoll.ru%2Fproduct%2Fsmesitel_vstraivaemyy_dlya_dusha_na_2_vykhoda_s_nakladkoy_nerzh_stal_120kh190mmdeviator_knopka2%2F%3Futm_source%3Dadmitad%26utm_medium%3Dpartner-network&i=5;Paffoni;RIN015NO/M;1.980
true;Сантехника/Смесители/Для кухни;RUB;true;;860031;1660103810;Смеситель для кухни Tsarsberg TSB-72-88;;true;https://santehmoll.ru/wa-data/public/shop/products/31/00/860031/images/601108/601108.970.jpg;820.00;TSB-72-88;;https://ad.admitad.com/g/dra8qamlvk037e654884d22e56a5b7/?f_id=18282&ulp=https%3A%2F%2Fsantehmoll.ru%2Fproduct%2Fsmesitel_dlya_kukhni_tsarsberg_tsb_72_88_tip_mdcba%2F%3Futm_source%3Dadmitad%26utm_medium%3Dpartner-network&i=5;Tsarsberg;TSB-72-88;0.005
true;Мебель для ванной/Мебель 60 - 70 см;RUB;true;;191304;1660103810;Тумба белый 55,4 см Aquanet Ирис 00198381;;true;https://santehmoll.ru/wa-data/public/shop/products/04/13/191304/images/151412/151412.970.jpg;8249.00;198381;;https://ad.admitad.com/g/dra8qamlvk037e654884d22e56a5b7/?f_id=18282&ulp=https%3A%2F%2Fsantehmoll.ru%2Fproduct%2Ftumba_iris_60_1_yashchik_2_fasada_cvbelyy_198381_%2F%3Futm_source%3Dadmitad%26utm_medium%3Dpartner-network&i=5;Aquanet;198381;16.150
true;Аксессуары;RUB;true;;874833;1660103810;Полотенцедержатель 64,8 см Hansgrohe AddStoris 41747990;;true;https://santehmoll.ru/wa-data/public/shop/products/33/48/874833/images/538851/538851.970.jpg;12708.00;41747990;;https://ad.admitad.com/g/dra8qamlvk037e654884d22e56a5b7/?f_id=18282&ulp=https%3A%2F%2Fsantehmoll.ru%2Fproduct%2Fhg_addstoris_derzh_bannykh_polotenec_pgo%2F%3Futm_source%3Dadmitad%26utm_medium%3Dpartner-network&i=5;Hansgrohe;41747990;0.877
true;Сантехника/Душевая/Душевые гарнитуры;RUB;true;;194050;1660103810;Душевой гарнитур IDDIS Cuba CUB3F00i16;3990.00;true;https://santehmoll.ru/wa-data/public/shop/products/50/40/194050/images/654394/654394.970.jpg;3192.00;CUB3F00i16;;https://ad.admitad.com/g/dra8qamlvk037e654884d22e56a5b7/?f_id=18282&ulp=https%3A%2F%2Fsantehmoll.ru%2Fproduct%2Fdushevoy_garnitur18%2F%3Futm_source%3Dadmitad%26utm_medium%3Dpartner-network&i=5;IDDIS;CUB3F00i16;1.150
true;Мебель для ванной/Мебель от 100 см;RUB;true;;645009;1660103810;Тумба белый матовый 105 см Sanflor Софи C02645;;true;https://santehmoll.ru/wa-data/public/shop/products/09/50/645009/images/366801/366801.970.jpg;16020.00;C02645;;https://ad.admitad.com/g/dra8qamlvk037e654884d22e56a5b7/?f_id=18282&ulp=https%3A%2F%2Fsantehmoll.ru%2Fproduct%2Ftumba_sofi_105_rakovina_elegans_105_new_%2F%3Futm_source%3Dadmitad%26utm_medium%3Dpartner-network&i=5;Sanflor;C02645;27.750
true;Аксессуары;RUB;true;;637968;1660103810;Комплект для туалета Bertocci Cinquecento 110 0558 0800;;true;https://santehmoll.ru/wa-data/public/shop/products/68/79/637968/images/436019/436019.970.jpg;40395.00;110 0558 0800;;https://ad.admitad.com/g/dra8qamlvk037e654884d22e56a5b7/?f_id=18282&ulp=https%3A%2F%2Fsantehmoll.ru%2Fproduct%2Fbertocci_cinquecento_napolnaya_stoyka_s_ershikom_i_bumagoderzhatelem_cvet_chernyy_matovyy%2F%3Futm_source%3Dadmitad%26utm_medium%3Dpartner-network&i=5;Bertocci;110 0558 0800;
true;Мебель для ванной/Мебель от 100 см;RUB;true;;815435;1660103810;Тумба с раковиной белый глянец 100 см Bellezza Пегас 4630417270015 + 5902115715297;;false;https://santehmoll.ru/wa-data/public/shop/products/35/54/815435/images/512745/512745.970.jpg;41020.00;SET/4630417270015/5902115715297;;https://ad.admitad.com/g/dra8qamlvk037e654884d22e56a5b7/?f_id=18282&ulp=https%3A%2F%2Fsantehmoll.ru%2Fproduct%2Fset_4630417270015_5902115715297%2F%3Futm_source%3Dadmitad%26utm_medium%3Dpartner-network&i=5;Bellezza;SET/4630417270015/5902115715297;
true;Сантехника/Смесители/Для умывальника;RUB;true;;137701;1660103810;Смеситель для раковины Migliore Fortis 18664;;true;https://santehmoll.ru/wa-data/public/shop/products/01/77/137701/images/393389/393389.970.jpg;16000.00;18664;;https://ad.admitad.com/g/dra8qamlvk037e654884d22e56a5b7/?f_id=18282&ulp=https%3A%2F%2Fsantehmoll.ru%2Fproduct%2Fmlfrt-5213-cr-smesitel-dlya-rakoviny%2F%3Futm_source%3Dadmitad%26utm_medium%3Dpartner-network&i=5;Migliore;18664;2.400
true;Мебель для ванной/Зеркала для ванной комнаты;RUB;true;;191114;1660103810;Зеркальный шкаф 70х80 см белый глянец Aqwella Brig Br.04.07/W;12505.00;true;https://santehmoll.ru/wa-data/public/shop/products/14/11/191114/images/263436/263436.970.jpg;9504.00;Br.04.07/W;;https://ad.admitad.com/g/dra8qamlvk037e654884d22e56a5b7/?f_id=18282&ulp=https%3A%2F%2Fsantehmoll.ru%2Fproduct%2Fshkaf_zerkalnyy_brig_v7zp_cv_belyy%2F%3Futm_source%3Dadmitad%26utm_medium%3Dpartner-network&i=5;Aqwella;Br.04.07/W;19.000
true;Сантехника/Уголки, ограждения, поддоны/Душевые углы;RUB;true;;795733;1660103810;Душевой уголок 90-100х80-90 см Cezares SLIDER-AH-2-80/90-90/100-GRIGIO-NERO серое;;true;https://santehmoll.ru/wa-data/public/shop/products/33/57/795733/images/446639/446639.970.jpg;75670.00;SLIDER-AH-2-80/90-90/100-GRIGIO-NERO;;https://ad.admitad.com/g/dra8qamlvk037e654884d22e56a5b7/?f_id=18282&ulp=https%3A%2F%2Fsantehmoll.ru%2Fproduct%2Fslider_ah_2_80_90_90_100_grigio_nero%2F%3Futm_source%3Dadmitad%26utm_medium%3Dpartner-network&i=5;Cezares;SLIDER-AH-2-80/90-90/100-GRIGIO-NERO;45.500
true;Сантехника/Уголки, ограждения, поддоны/Душевые углы;RUB;true;;795737;1660103810;Душевой уголок 100-110х90-100 см Cezares SLIDER-AH-2-90/100-100/110-GRIGIO-NERO серое;;true;https://santehmoll.ru/wa-data/public/shop/products/37/57/795737/images/444289/444289.970.jpg;79630.00;SLIDER-AH-2-90/100-100/110-GRIGIO-NERO;;https://ad.admitad.com/g/dra8qamlvk037e654884d22e56a5b7/?f_id=18282&ulp=https%3A%2F%2Fsantehmoll.ru%2Fproduct%2Fslider_ah_2_90_100_100_110_grigio_nero%2F%3Futm_source%3Dadmitad%26utm_medium%3Dpartner-network&i=5;Cezares;SLIDER-AH-2-90/100-100/110-GRIGIO-NERO;46.000
true;Сантехника/Санфаянс;RUB;true;;178205;1660103810;Унитаз-компакт антивсплеск с сиденьем Santek Бореаль 1.WH30.2.143;;true;https://santehmoll.ru/wa-data/public/shop/products/05/82/178205/images/369656/369656.970.jpg;9396.00;1.WH30.2.143;;https://ad.admitad.com/g/dra8qamlvk037e654884d22e56a5b7/?f_id=18282&ulp=https%3A%2F%2Fsantehmoll.ru%2Fproduct%2F1wh111538_unitaz_kompakt_boreal_antivsplesk_bez_sidenya_%2F%3Futm_source%3Dadmitad%26utm_medium%3Dpartner-network&i=5;Santek;1.WH30.2.143;27.750
true;Сантехника/Раковины;RUB;true;;185421;1660103810;Раковина встраиваемая снизу 55 см Ideal Standard Connect E504801;;true;https://santehmoll.ru/wa-data/public/shop/products/21/54/185421/images/135286/135286.970.jpg;15131.00;E504801;;https://ad.admitad.com/g/dra8qamlvk037e654884d22e56a5b7/?f_id=18282&ulp=https%3A%2F%2Fsantehmoll.ru%2Fproduct%2Fkonnekt_umyvalnik_ovalnyy_550kh380mm_vstraivaemyy_pod_stoleshnicu_belyy%2F%3Futm_source%3Dadmitad%26utm_medium%3Dpartner-network&i=5;Ideal Standard;E504801;8.000
true;Плитка/Бордюр;RUB;true;;648487;1660103810;Бордюр Катрин белый (05-01-1-73-03-00-1451-0) 7х25;;true;https://santehmoll.ru/wa-data/public/shop/products/87/84/648487/images/328054/328054.970.jpg;145.00;501173030014510;;https://ad.admitad.com/g/dra8qamlvk037e654884d22e56a5b7/?f_id=18282&ulp=https%3A%2F%2Fsantehmoll.ru%2Fproduct%2Fbordyur_katrin_belyy_05_01_1_73_03_00_1451_0_7kh25_60_sht_%2F%3Futm_source%3Dadmitad%26utm_medium%3Dpartner-network&i=5;Нефрит-керамика;501173030014510;17.100
true;Плитка/Бордюр;RUB;true;;648524;1660103810;Бордюр объемный Катрин белый (13-01-1-26-41-00-1451-0) 3х25;;true;https://santehmoll.ru/wa-data/public/shop/products/24/85/648524/images/328058/328058.970.jpg;45.00;1301126410014510;;https://ad.admitad.com/g/dra8qamlvk037e654884d22e56a5b7/?f_id=18282&ulp=https%3A%2F%2Fsantehmoll.ru%2Fproduct%2Fbordyur_obemnyy_katrin_belyy_13_01_1_26_41_00_1451_0_3kh25_54_sht_%2F%3Futm_source%3Dadmitad%26utm_medium%3Dpartner-network&i=5;Нефрит-керамика;1301126410014510;8.900
true;Плитка/Бордюр;RUB;true;;647900;1660103810;Бордюр MALLORCA GREY FLORIS 7,5х63;;true;https://santehmoll.ru/wa-data/public/shop/products/00/79/647900/images/323950/323950.970.jpg;520.00;585071001;;https://ad.admitad.com/g/dra8qamlvk037e654884d22e56a5b7/?f_id=18282&ulp=https%3A%2F%2Fsantehmoll.ru%2Fproduct%2Fbordyur_mallorca_grey_floris_7_5kh63_16sht_%2F%3Futm_source%3Dadmitad%26utm_medium%3Dpartner-network&i=5;Azori;585071001;13.000
true;Плитка;RUB;true;;646991;1660103810;Плитка настенная Болонья 1 тип 1 волна 30х60;;true;https://santehmoll.ru/wa-data/public/shop/products/91/69/646991/images/320337/320337.970.jpg;2299.00;СК000031110;;https://ad.admitad.com/g/dra8qamlvk037e654884d22e56a5b7/?f_id=18282&ulp=https%3A%2F%2Fsantehmoll.ru%2Fproduct%2Fplitka_nastennaya_bolonya_1_tip_1_volna_30kh60_1_8m2_50_4m2_%2F%3Futm_source%3Dadmitad%26utm_medium%3Dpartner-network&i=5;Керамин;СК000031110;30.400
true;Плитка/Декор;RUB;true;;648097;1660103810;Декор Нефрит-Керамика Портелу 04-01-1-17-03-23-1211-0 песочный;;true;https://santehmoll.ru/wa-data/public/shop/products/97/80/648097/images/327332/327332.970.jpg;375.00;401117032312110;;https://ad.admitad.com/g/dra8qamlvk037e654884d22e56a5b7/?f_id=18282&ulp=https%3A%2F%2Fsantehmoll.ru%2Fproduct%2Fdekor_nefrit_keramika_portelu_04_01_1_17_03_23_1211_0_pesochnyy%2F%3Futm_source%3Dadmitad%26utm_medium%3Dpartner-network&i=5;Нефрит-керамика;401117032312110;9.300
true;Плитка;RUB;true;;804282;1660103810;Керамогранит ColiseumGres Санремо павоне 45х45;;true;https://santehmoll.ru/wa-data/public/shop/products/82/42/804282/images/464485/464485.970.jpg;1567.00;610010001855;;https://ad.admitad.com/g/dra8qamlvk037e654884d22e56a5b7/?f_id=18282&ulp=https%3A%2F%2Fsantehmoll.ru%2Fproduct%2Fkeramogranit_sanremo_pavone_45kh45%2F%3Futm_source%3Dadmitad%26utm_medium%3Dpartner-network&i=5;Coliseumgres;610010001855;21.000
true;Сантехника/Инсталляционные системы/Панели смыва для унитаза;RUB;true;;658236;1660103810;Смывная клавиша Ideal Standard Oleas M1 белый R0115AC;;true;https://santehmoll.ru/wa-data/public/shop/products/36/82/658236/images/380332/380332.970.jpg;3805.00;R0115AC;;https://ad.admitad.com/g/dra8qamlvk037e654884d22e56a5b7/?f_id=18282&ulp=https%3A%2F%2Fsantehmoll.ru%2Fproduct%2Foleas_m1_mekhanicheskaya_panel_smyva3%2F%3Futm_source%3Dadmitad%26utm_medium%3Dpartner-network&i=5;Ideal Standard;R0115AC;1.000
true;Плитка;RUB;true;;811392;1660103810;Плитка настенная Belleza Грейс белый 20x60;;true;https://santehmoll.ru/wa-data/public/shop/products/92/13/811392/images/483164/483164.970.jpg;1380.00;51700002330;;https://ad.admitad.com/g/dra8qamlvk037e654884d22e56a5b7/?f_id=18282&ulp=https%3A%2F%2Fsantehmoll.ru%2Fproduct%2Fplitka_nastennaya_beleza_greys_belyy_20x60%2F%3Futm_source%3Dadmitad%26utm_medium%3Dpartner-network&i=5;Belleza;51700002330;19.520
true;Плитка;RUB;true;;816629;1660103810;Керамогранит ColiseumGres Треви Браун 45x90;;true;https://santehmoll.ru/wa-data/public/shop/products/29/66/816629/images/492056/492056.970.jpg;2746.00;610010002132;;https://ad.admitad.com/g/dra8qamlvk037e654884d22e56a5b7/?f_id=18282&ulp=https%3A%2F%2Fsantehmoll.ru%2Fproduct%2Fkeramogranit_trevi_braun_45x90%2F%3Futm_source%3Dadmitad%26utm_medium%3Dpartner-network&i=5;Coliseumgres;610010002132;23.160
true;Сантехника/Душевая/Душевые гарнитуры;RUB;true;;885991;1660103810;Душевой набор Hansgrohe Pulsify Select 105 3jet Relaxation 24303000;9815.00;true;https://santehmoll.ru/wa-data/public/shop/products/91/59/885991/images/543966/543966.970.jpg;9093.00;24303000;;https://ad.admitad.com/g/dra8qamlvk037e654884d22e56a5b7/?f_id=18282&ulp=https%3A%2F%2Fsantehmoll.ru%2Fproduct%2Fhg_pulsify_3j_porter_nabor_1600_mm_khr%2F%3Futm_source%3Dadmitad%26utm_medium%3Dpartner-network&i=5;Hansgrohe;24303000;0.780
true;Сантехника/Смесители/Для ванны и душа;RUB;true;;807248;1660103810;Смеситель на борт ванны IDDIS Cloud CLOWG30i07;18390.00;true;https://santehmoll.ru/wa-data/public/shop/products/48/72/807248/images/651040/651040.970.jpg;14715.00;CLOWG30i07;;https://ad.admitad.com/g/dra8qamlvk037e654884d22e56a5b7/?f_id=18282&ulp=https%3A%2F%2Fsantehmoll.ru%2Fproduct%2Fclowg30i07%2F%3Futm_source%3Dadmitad%26utm_medium%3Dpartner-network&i=5;IDDIS;CLOWG30i07;3.140
true;Сантехника/Санфаянс;RUB;true;;211117;1660103810;Приставной унитаз Duravit Starck 3 0124090000;36518.00;false;https://santehmoll.ru/wa-data/public/shop/products/17/11/211117/images/209487/209487.970.jpg;34062.00;124090000;;https://ad.admitad.com/g/dra8qamlvk037e654884d22e56a5b7/?f_id=18282&ulp=https%3A%2F%2Fsantehmoll.ru%2Fproduct%2F0124090000_unitaz_napolnyy_pod_skrytyy_bachok_starck_3%2F%3Futm_source%3Dadmitad%26utm_medium%3Dpartner-network&i=5;Duravit;124090000;27.600
true;Мебель для ванной/Мебель 80 - 90 см;RUB;true;;683017;1660103810;Тумба с раковиной белый глянец 83 см Акватон Инди 1A1884K0ND010;;false;https://santehmoll.ru/wa-data/public/shop/products/17/30/683017/images/399330/399330.970.jpg;17780.00;1A1884K0ND010;;https://ad.admitad.com/g/dra8qamlvk037e654884d22e56a5b7/?f_id=18282&ulp=https%3A%2F%2Fsantehmoll.ru%2Fproduct%2F1a1884k0nd010%2F%3Futm_source%3Dadmitad%26utm_medium%3Dpartner-network&i=5;Акватон;1A1884K0ND010;
true;Сантехника/Ванны;RUB;true;;738678;1660103810;Акриловая ванна 170х75 см Am.Pm Inspire 2.0 W52A-170-075W-A;;true;https://santehmoll.ru/wa-data/public/shop/products/78/86/738678/images/661227/661227.970.jpg;35390.00;W52A-170-075W-A;;https://ad.admitad.com/g/dra8qamlvk037e654884d22e56a5b7/?f_id=18282&ulp=https%3A%2F%2Fsantehmoll.ru%2Fproduct%2Fw52a_170_075w_a_inspire_20_vanna_akrilovaya_170kh75_a0_sht%2F%3Futm_source%3Dadmitad%26utm_medium%3Dpartner-network&i=5;Am.Pm;W52A-170-075W-A;20.000
true;Аксессуары;RUB;true;;497159;1660103810;Штора для ванной комнаты IDDIS Basic B41P224i11;;true;https://santehmoll.ru/wa-data/public/shop/products/59/71/497159/images/647522/647522.970.jpg;2090.00;B41P224i11;;https://ad.admitad.com/g/dra8qamlvk037e654884d22e56a5b7/?f_id=18282&ulp=https%3A%2F%2Fsantehmoll.ru%2Fproduct%2Fb41p224i11_shtora_dlya_vannoy_komnaty_200_240sm_poliester_id%2F%3Futm_source%3Dadmitad%26utm_medium%3Dpartner-network&i=5;IDDIS;B41P224i11;0.600
true;Мебель для ванной/Мебель 60 - 70 см;RUB;true;;191296;1660103810;Тумба белый глянец 70 см Aqwella Corsica KOR0107;15345.00;true;https://santehmoll.ru/wa-data/public/shop/products/96/12/191296/images/263484/263484.970.jpg;11662.00;KOR0107;;https://ad.admitad.com/g/dra8qamlvk037e654884d22e56a5b7/?f_id=18282&ulp=https%3A%2F%2Fsantehmoll.ru%2Fproduct%2Ftumba_pod_umyvalnik_korsika_t7%2F%3Futm_source%3Dadmitad%26utm_medium%3Dpartner-network&i=5;Aqwella;KOR0107;22.800
true;Мебель для ванной/Зеркала для ванной комнаты;RUB;true;;191293;1660103810;Зеркальный шкаф 60х85 см белый глянец Aqwella Corsica Kor.04.06;10807.00;true;https://santehmoll.ru/wa-data/public/shop/products/93/12/191293/images/263481/263481.970.jpg;8213.00;Kor.04.06;;https://ad.admitad.com/g/dra8qamlvk037e654884d22e56a5b7/?f_id=18282&ulp=https%3A%2F%2Fsantehmoll.ru%2Fproduct%2Fshkaf_zerkalo_korsika_v6%2F%3Futm_source%3Dadmitad%26utm_medium%3Dpartner-network&i=5;Aqwella;Kor.04.06;16.200
true;Сантехника/Раковины;RUB;true;;670756;1660103810;Раковина 130х48 см Geberit myDay 135430600;;true;https://santehmoll.ru/wa-data/public/shop/products/56/07/670756/images/434104/434104.970.jpg;158400.00;135430600;;https://ad.admitad.com/g/dra8qamlvk037e654884d22e56a5b7/?f_id=18282&ulp=https%3A%2F%2Fsantehmoll.ru%2Fproduct%2F135430600_geberit_myday_rakovina_dvoynaya_1300x480_mm_keratect_%2F%3Futm_source%3Dadmitad%26utm_medium%3Dpartner-network&i=5;Geberit;135430600;32.494
true;Сантехника/Смесители/Для умывальника;RUB;true;;219227;1660103810;Смеситель для раковины E.C.A Tiera 104888002EX;;true;https://santehmoll.ru/wa-data/public/shop/products/27/92/219227/images/228182/228182.970.jpg;12341.00;104888002EX;;https://ad.admitad.com/g/dra8qamlvk037e654884d22e56a5b7/?f_id=18282&ulp=https%3A%2F%2Fsantehmoll.ru%2Fproduct%2Fsmesitel_dlya_rakoviny_s_vysokim_korpusom_237_mm_do_nosika5%2F%3Futm_source%3Dadmitad%26utm_medium%3Dpartner-network&i=5;E.C.A;104888002EX;2.700
true;Аксессуары;RUB;true;;874617;1660103810;Диспенсер для салфеток Hansgrohe AddStoris 41774670;;true;https://santehmoll.ru/wa-data/public/shop/products/17/46/874617/images/538583/538583.970.jpg;11391.00;41774670;;https://ad.admitad.com/g/dra8qamlvk037e654884d22e56a5b7/?f_id=18282&ulp=https%3A%2F%2Fsantehmoll.ru%2Fproduct%2F41774670_hg_addstoris_derzhatel_bumazhnykh_polotenec_matovyy_chernyy%2F%3Futm_source%3Dadmitad%26utm_medium%3Dpartner-network&i=5;Hansgrohe;41774670;0.564
true;Аксессуары;RUB;true;;171379;1660103810;Крючок двойной Migliore Amerida ML.AMR-60.409.BR;;true;https://santehmoll.ru/wa-data/public/shop/products/79/13/171379/images/603595/603595.970.jpg;8500.00;16563;;https://ad.admitad.com/g/dra8qamlvk037e654884d22e56a5b7/?f_id=18282&ulp=https%3A%2F%2Fsantehmoll.ru%2Fproduct%2Fmlamr-60409-kryuchok-br%2F%3Futm_source%3Dadmitad%26utm_medium%3Dpartner-network&i=5;Migliore;16563;0.290
true;Мебель для ванной/Мебель 60 - 70 см;RUB;true;;498227;1660103810;Тумба с раковиной белый глянец 60,2 см IDDIS Edifice EDI60W0i95K;;true;https://santehmoll.ru/wa-data/public/shop/products/27/82/498227/images/519989/519989.970.jpg;30890.00;EDI60W0i95K;;https://ad.admitad.com/g/dra8qamlvk037e654884d22e56a5b7/?f_id=18282&ulp=https%3A%2F%2Fsantehmoll.ru%2Fproduct%2Fedi60w0i95k_tumba_s_umyvalnikom_podvesnaya_60_sm_edifice_id%2F%3Futm_source%3Dadmitad%26utm_medium%3Dpartner-network&i=5;IDDIS;EDI60W0i95K;30.000
true;Мебель для ванной/Зеркала для ванной комнаты;RUB;true;;222248;1660103810;Зеркальный шкаф 80х83 см ориноко/белый глянец L Style Line Ориноко LC-00000637;;true;https://santehmoll.ru/wa-data/public/shop/products/48/22/222248/images/236133/236133.970.jpg;9905.00;LC00000637;;https://ad.admitad.com/g/dra8qamlvk037e654884d22e56a5b7/?f_id=18282&ulp=https%3A%2F%2Fsantehmoll.ru%2Fproduct%2Fzerkalnyy_shkaf_orinoko_800_s_%2F%3Futm_source%3Dadmitad%26utm_medium%3Dpartner-network&i=5;Style Line;LC00000637;
true;Сантехника/Санфаянс;RUB;true;​Французская фирма Jacob Delafon — изготовитель целого спектра товаров для ванной комнаты — отсчитывает собственную историю с конца XIX столетия. На их заводах применяется оригинальное производственное ноу-хау, с сохранением прежних традиций эмалировки и литья. Это дает возможность создавать продукты наилучшей формы и высокого качества, которое зафиксировано международным сертификатом ISO 9001 и французским сертификатом NF.;96926;1660103810;Полупьедестал для раковины Jacob Delafon Kandel/Panache E1431-00;;false;https://santehmoll.ru/wa-data/public/shop/products/26/69/96926/images/77070/77070.970.jpg;4780.00;E1431-00;;https://ad.admitad.com/g/dra8qamlvk037e654884d22e56a5b7/?f_id=18282&ulp=https%3A%2F%2Fsantehmoll.ru%2Fproduct%2Fe1431-00-polupedestal-kandelpanache-bel%2F%3Futm_source%3Dadmitad%26utm_medium%3Dpartner-network&i=5;Jacob Delafon;E1431-00;9.000
true;Сантехника/Смесители/Для ванны и душа;RUB;true;;177702;1660103810;Смеситель на борт ванны хром Cezares Atlantis-Nostalgia ATLANTIS-NOSTALGIA-BVD-01;;true;https://santehmoll.ru/wa-data/public/shop/products/02/77/177702/images/100848/100848.970.jpg;56620.00;ATLANTISNOSTALGIABVD01;;https://ad.admitad.com/g/dra8qamlvk037e654884d22e56a5b7/?f_id=18282&ulp=https%3A%2F%2Fsantehmoll.ru%2Fproduct%2Fatlantis_nostalgia_bvd_01_smesitel_na_bort_vannoy_s_ruchnym_vydvizhnym_dushem%2F%3Futm_source%3Dadmitad%26utm_medium%3Dpartner-network&i=5;Cezares;ATLANTISNOSTALGIABVD01;
true;Сантехника/Смесители/Для биде;RUB;true;;176894;1660103810;Смеситель на биде с донным клапаном хром, ручки swarovski Cezares Olimp OLIMP-BS2-01-Sw;54520.00;true;https://santehmoll.ru/wa-data/public/shop/products/94/68/176894/images/98707/98707.970.jpg;49070.00;OLIMPBS201SW;;https://ad.admitad.com/g/dra8qamlvk037e654884d22e56a5b7/?f_id=18282&ulp=https%3A%2F%2Fsantehmoll.ru%2Fproduct%2Folimp_bs2_01_sw_smesitel_na_bide_s_donnym_klapanom%2F%3Futm_source%3Dadmitad%26utm_medium%3Dpartner-network&i=5;Cezares;OLIMPBS201SW;
true;Сантехника/Раковины;RUB;true;;177150;1660103810;Раковина-столешница , с полотенцедержателем 150 см Laufen Palace 8.1270.6.000.104.1;;true;https://santehmoll.ru/wa-data/public/shop/products/50/71/177150/images/99219/99219.970.jpg;122361.00;8.1270.6.000.104.1;;https://ad.admitad.com/g/dra8qamlvk037e654884d22e56a5b7/?f_id=18282&ulp=https%3A%2F%2Fsantehmoll.ru%2Fproduct%2Flaufen_palace_new_umyvalnik_1500_mm_s_polotencederzhatelem%2F%3Futm_source%3Dadmitad%26utm_medium%3Dpartner-network&i=5;Laufen;8.1270.6.000.104.1;35.000
true;Сантехника/Смесители/Для кухни;RUB;true;;181617;1660103810;Смеситель для кухни Blanco Linus кофе 516707;;true;https://santehmoll.ru/wa-data/public/shop/products/17/16/181617/images/574829/574829.970.jpg;48600.00;516707;;https://ad.admitad.com/g/dra8qamlvk037e654884d22e56a5b7/?f_id=18282&ulp=https%3A%2F%2Fsantehmoll.ru%2Fproduct%2Flinus_silgranit_kofe%2F%3Futm_source%3Dadmitad%26utm_medium%3Dpartner-network&i=5;Blanco;516707;
true;Сантехника/Уголки, ограждения, поддоны/Душевые двери;RUB;true;;188307;1660103810;Душевая дверь раздвижная BelBagno Uno 120 см прозрачное стекло UNO-BF-1-120-C-Cr;;false;https://santehmoll.ru/wa-data/public/shop/products/07/83/188307/images/144309/144309.970.jpg;16500.00;UNO-BF-1-120-C-Cr;;https://ad.admitad.com/g/dra8qamlvk037e654884d22e56a5b7/?f_id=18282&ulp=https%3A%2F%2Fsantehmoll.ru%2Fproduct%2Fdushevoe_ograzhdenie_1200x1850%2F%3Futm_source%3Dadmitad%26utm_medium%3Dpartner-network&i=5;BelBagno;UNO-BF-1-120-C-Cr;30.000
true;Мебель для ванной/Мебель 80 - 90 см;RUB;true;;191410;1660103810;Тумба белый глянец 74,8 см Aqwella Neo NEO01081;17110.00;true;https://santehmoll.ru/wa-data/public/shop/products/10/14/191410/images/263525/263525.970.jpg;13004.00;NEO01081;;https://ad.admitad.com/g/dra8qamlvk037e654884d22e56a5b7/?f_id=18282&ulp=https%3A%2F%2Fsantehmoll.ru%2Fproduct%2Ftumba_neo_t8_1_pod_umyvalnik_podvesnaya_dreya_q80_%2F%3Futm_source%3Dadmitad%26utm_medium%3Dpartner-network&i=5;Aqwella;NEO01081;24.000
true;Сантехника/Санфаянс;RUB;true;;199913;1660103810;Писсуар подвесной Globo Forty3 FO029.bi;;true;https://santehmoll.ru/wa-data/public/shop/products/13/99/199913/images/180059/180059.970.jpg;47342.00;FO029.BI;;https://ad.admitad.com/g/dra8qamlvk037e654884d22e56a5b7/?f_id=18282&ulp=https%3A%2F%2Fsantehmoll.ru%2Fproduct%2Fglobo_forty3_pissuar_nastennyy_37_32sm_bez_otverstiy_dlya_kryshki_s_krepezhom_cvet_belyy%2F%3Futm_source%3Dadmitad%26utm_medium%3Dpartner-network&i=5;Globo;FO029.BI;18.000
true;Сантехника/Санфаянс;RUB;true;;203011;1660103810;Унитаз приставной Artceram Hermitage HEV005 01 00;;true;https://santehmoll.ru/wa-data/public/shop/products/11/30/203011/images/187349/187349.970.jpg;45900.00;HEV005 01 00;;https://ad.admitad.com/g/dra8qamlvk037e654884d22e56a5b7/?f_id=18282&ulp=https%3A%2F%2Fsantehmoll.ru%2Fproduct%2Fartceram_hermitage_unitaz_pristennyy_vypusk_v_stenu_belyy_36kh55sm_krepezh_v_komplekte_khrom_%2F%3Futm_source%3Dadmitad%26utm_medium%3Dpartner-network&i=5;Artceram;HEV005 01 00;24.500
true;Сантехника/Санфаянс;RUB;true;;216114;1660103810;Подвесной унитаз с функцией биде Creavit Terra TP325-00CB00E-NA00;;true;https://santehmoll.ru/wa-data/public/shop/products/14/61/216114/images/368592/368592.970.jpg;22707.00;TP325-00CB00E-NA00;;https://ad.admitad.com/g/dra8qamlvk037e654884d22e56a5b7/?f_id=18282&ulp=https%3A%2F%2Fsantehmoll.ru%2Fproduct%2Fcreavit_dekor_zoloto_krugi_unitaz_podvesnoy_s_bide%2F%3Futm_source%3Dadmitad%26utm_medium%3Dpartner-network&i=5;Creavit;TP325-00CB00E-NA00;24.400
true;Сантехника/Душевая/Душевые системы;RUB;true;;213040;1660103810;Душевая система Rav Slezak Mississippi MS081.5/3;;true;https://santehmoll.ru/wa-data/public/shop/products/40/30/213040/images/214174/214174.970.jpg;31846.00;MS081.5/3;;https://ad.admitad.com/g/dra8qamlvk037e654884d22e56a5b7/?f_id=18282&ulp=https%3A%2F%2Fsantehmoll.ru%2Fproduct%2Fsmesitel_dlya_dusha_c_leykoy_i_golovnym_dushem%2F%3Futm_source%3Dadmitad%26utm_medium%3Dpartner-network&i=5;Rav Slezak;MS081.5/3;4.630
true;Сантехника/Смесители/Для умывальника;RUB;true;;226438;1660103810;Смеситель для раковины без донного клапана Paffoni Berry BR071CR;;true;https://santehmoll.ru/wa-data/public/shop/products/38/64/226438/images/270011/270011.970.jpg;16967.00;BR071CR;;https://ad.admitad.com/g/dra8qamlvk037e654884d22e56a5b7/?f_id=18282&ulp=https%3A%2F%2Fsantehmoll.ru%2Fproduct%2Fsmesitel_dlya_rakoviny_bez_d_k%2F%3Futm_source%3Dadmitad%26utm_medium%3Dpartner-network&i=5;Paffoni;BR071CR;2.700
true;Сантехника/Смесители/Для умывальника;RUB;true;;462657;1660103810;Смеситель для раковины без донного клапана Paffoni Candy CA105CR;;true;https://santehmoll.ru/wa-data/public/shop/products/57/26/462657/images/270007/270007.970.jpg;39342.00;CA105CR;;https://ad.admitad.com/g/dra8qamlvk037e654884d22e56a5b7/?f_id=18282&ulp=https%3A%2F%2Fsantehmoll.ru%2Fproduct%2Fsmesitel_vstraivaemyy_dlya_rakoviny_izliv_200mm_nakladka_iz_nerzhaveyushchey_stali_250kh120mm%2F%3Futm_source%3Dadmitad%26utm_medium%3Dpartner-network&i=5;Paffoni;CA105CR;2.680
true;Сантехника/Смесители/Для ванны и душа;RUB;true;;514183;1660103810;Смеситель для ванны Paffoni Light LIG022NO;;true;https://santehmoll.ru/wa-data/public/shop/products/83/41/514183/images/269893/269893.970.jpg;49096.00;LIG022NO;;https://ad.admitad.com/g/dra8qamlvk037e654884d22e56a5b7/?f_id=18282&ulp=https%3A%2F%2Fsantehmoll.ru%2Fproduct%2Fsmesitel_dlya_vanny_bez_dushnabora7%2F%3Futm_source%3Dadmitad%26utm_medium%3Dpartner-network&i=5;Paffoni;LIG022NO;2.700
true;Сантехника/Смесители/Для ванны и душа;RUB;true;;497905;1660103810;Смеситель для ванны IDDIS Oldie OLDBR00i02;19390.00;true;https://santehmoll.ru/wa-data/public/shop/products/05/79/497905/images/651702/651702.970.jpg;14545.00;OLDBR00i02;;https://ad.admitad.com/g/dra8qamlvk037e654884d22e56a5b7/?f_id=18282&ulp=https%3A%2F%2Fsantehmoll.ru%2Fproduct%2Foldbr00i02_smesitel_dlya_vanny_oldie_id%2F%3Futm_source%3Dadmitad%26utm_medium%3Dpartner-network&i=5;IDDIS;OLDBR00i02;2.570
true;Аксессуары;RUB;true;;491759;1660103810;Коврик IDDIS Promo P03M580i12;;true;https://santehmoll.ru/wa-data/public/shop/products/59/17/491759/images/647961/647961.970.jpg;990.00;P03M580i12;;https://ad.admitad.com/g/dra8qamlvk037e654884d22e56a5b7/?f_id=18282&ulp=https%3A%2F%2Fsantehmoll.ru%2Fproduct%2Fp03m580i12_kovrik_dlya_vannoy_komnaty_50_80_sm_mikrofibra_id%2F%3Futm_source%3Dadmitad%26utm_medium%3Dpartner-network&i=5;IDDIS;P03M580i12;0.650
true;Сантехника/Смесители/Для ванны и душа;RUB;true;;479086;1660103810;Термостат для ванны Paffoni Light LIQ022CR;;false;https://santehmoll.ru/wa-data/public/shop/products/86/90/479086/images/269944/269944.970.jpg;37469.00;LIQ022CR;;https://ad.admitad.com/g/dra8qamlvk037e654884d22e56a5b7/?f_id=18282&ulp=https%3A%2F%2Fsantehmoll.ru%2Fproduct%2Fsmesitel_dlya_vanny_termostaticheskiy_bez_dushnabora%2F%3Futm_source%3Dadmitad%26utm_medium%3Dpartner-network&i=5;Paffoni;LIQ022CR;3.000
true;Сантехника/Мойки/Гранитные мойки;RUB;true;;486614;1660103810;Кухонная мойка Tectonite Franke Orion OID 611-62 кофе 114.0443.357;;true;https://santehmoll.ru/wa-data/public/shop/products/14/66/486614/images/255346/255346.970.jpg;25790.00;114.0443.357;;https://ad.admitad.com/g/dra8qamlvk037e654884d22e56a5b7/?f_id=18282&ulp=https%3A%2F%2Fsantehmoll.ru%2Fproduct%2Fmoyka_oid_611_62_3_5_cvet_kofe%2F%3Futm_source%3Dadmitad%26utm_medium%3Dpartner-network&i=5;Franke;114.0443.357;5.300
true;Аксессуары;RUB;true;;494132;1660103810;Крючок FBS Ellea ELL002ST;;true;https://santehmoll.ru/wa-data/public/shop/products/32/41/494132/images/264669/264669.970.jpg;1700.00;ELL002ST;;https://ad.admitad.com/g/dra8qamlvk037e654884d22e56a5b7/?f_id=18282&ulp=https%3A%2F%2Fsantehmoll.ru%2Fproduct%2Fkryuchok_dvoynoy_fbs_ell_002_staryy%2F%3Futm_source%3Dadmitad%26utm_medium%3Dpartner-network&i=5;FBS;ELL002ST;0.210
true;Сантехника/Смесители/Для умывальника;RUB;true;;542081;1660103810;Смеситель для раковины без донного клапана Paffoni Berry BR081CR;;true;https://santehmoll.ru/wa-data/public/shop/products/81/20/542081/images/270017/270017.970.jpg;34450.00;BR081CR;;https://ad.admitad.com/g/dra8qamlvk037e654884d22e56a5b7/?f_id=18282&ulp=https%3A%2F%2Fsantehmoll.ru%2Fproduct%2Fsmesitel_dlya_rakoviny_vysokiy_bez_d_k%2F%3Futm_source%3Dadmitad%26utm_medium%3Dpartner-network&i=5;Paffoni;BR081CR;2.900
true;Сантехника/Душевая/Душевые лейки;RUB;true;;610706;1660103810;Верхний душ 600х250 мм Kludi A-QA 6487005-00;;true;https://santehmoll.ru/wa-data/public/shop/products/06/07/610706/images/292110/292110.970.jpg;78150.00;6487005-00;;https://ad.admitad.com/g/dra8qamlvk037e654884d22e56a5b7/?f_id=18282&ulp=https%3A%2F%2Fsantehmoll.ru%2Fproduct%2Fkludi_a_qa_verkhniy_dush_struya_dozhd%2F%3Futm_source%3Dadmitad%26utm_medium%3Dpartner-network&i=5;Kludi;6487005-00;4.600
true;Сантехника/Смесители/Для биде;RUB;true;;548625;1660103810;Смеситель для биде с донным клапаном Paffoni Flavia FA135BR;;true;https://santehmoll.ru/wa-data/public/shop/products/25/86/548625/images/386296/386296.970.jpg;39642.00;FA135BR;;https://ad.admitad.com/g/dra8qamlvk037e654884d22e56a5b7/?f_id=18282&ulp=https%3A%2F%2Fsantehmoll.ru%2Fproduct%2Fsmesitel_dlya_bide_s_avtd_k_1_1_4_%2F%3Futm_source%3Dadmitad%26utm_medium%3Dpartner-network&i=5;Paffoni;FA135BR;1.720
true;Сантехника/Смесители/Для ванны и душа;RUB;true;;615401;1660103810;Смеситель для ванны Paffoni Flavia FA022BR;;false;https://santehmoll.ru/wa-data/public/shop/products/01/54/615401/images/384625/384625.970.jpg;48067.00;FA022BR;;https://ad.admitad.com/g/dra8qamlvk037e654884d22e56a5b7/?f_id=18282&ulp=https%3A%2F%2Fsantehmoll.ru%2Fproduct%2Fsmesitel_dlya_vanny_bez_dushnabora%2F%3Futm_source%3Dadmitad%26utm_medium%3Dpartner-network&i=5;Paffoni;FA022BR;3.000
true;Сантехника/Душевая/Душевые лейки;RUB;true;;591401;1660103810;Верхний душ 300 мм Kludi A-QA 6433005-00;;true;https://santehmoll.ru/wa-data/public/shop/products/01/14/591401/images/291948/291948.970.jpg;23950.00;6433005-00;;https://ad.admitad.com/g/dra8qamlvk037e654884d22e56a5b7/?f_id=18282&ulp=https%3A%2F%2Fsantehmoll.ru%2Fproduct%2F6433005_00_kludi_a_qa_verkhniy_dush_kruglyy_metallicheskiy_300mm_cvet_khrom%2F%3Futm_source%3Dadmitad%26utm_medium%3Dpartner-network&i=5;Kludi;6433005-00;1.980
true;Сантехника/Смесители/Для умывальника;RUB;true;;568955;1660103810;Смеситель для раковины с донным клапаном Paffoni Flavia FA075BR;;false;https://santehmoll.ru/wa-data/public/shop/products/55/89/568955/images/386292/386292.970.jpg;39642.00;FA075BR;;https://ad.admitad.com/g/dra8qamlvk037e654884d22e56a5b7/?f_id=18282&ulp=https%3A%2F%2Fsantehmoll.ru%2Fproduct%2Fsmesitel_dlya_rakoviny_v_avtd_k_1_1_4_%2F%3Futm_source%3Dadmitad%26utm_medium%3Dpartner-network&i=5;Paffoni;FA075BR;1.720
true;Сантехника/Смесители/Для биде;RUB;true;;613122;1660103810;Смеситель для биде с донным клапаном Paffoni Giorgia GI135GF;;false;https://santehmoll.ru/wa-data/public/shop/products/22/31/613122/images/386286/386286.970.jpg;34556.00;GI135GF;;https://ad.admitad.com/g/dra8qamlvk037e654884d22e56a5b7/?f_id=18282&ulp=https%3A%2F%2Fsantehmoll.ru%2Fproduct%2Fsmesitel_dlya_bide_s_avtd_k_1_1_4_4%2F%3Futm_source%3Dadmitad%26utm_medium%3Dpartner-network&i=5;Paffoni;GI135GF;1.600
true;Сантехника/Смесители/Для ванны и душа;RUB;true;;591309;1660103810;Смеситель для ванны Paffoni Ringo RIN022CR;;true;https://santehmoll.ru/wa-data/public/shop/products/09/13/591309/images/269847/269847.970.jpg;31730.00;RIN022CR;;https://ad.admitad.com/g/dra8qamlvk037e654884d22e56a5b7/?f_id=18282&ulp=https%3A%2F%2Fsantehmoll.ru%2Fproduct%2Fsmesitel_dlya_vanny_bez_dushnabora11%2F%3Futm_source%3Dadmitad%26utm_medium%3Dpartner-network&i=5;Paffoni;RIN022CR;2.880
true;Сантехника/Смесители/Для ванны и душа;RUB;true;;640491;1660103810;Термостат для 4 потребителей Hansgrohe RainSelect 15382000;;true;https://santehmoll.ru/wa-data/public/shop/products/91/04/640491/images/309837/309837.970.jpg;261658.00;15382000;;https://ad.admitad.com/g/dra8qamlvk037e654884d22e56a5b7/?f_id=18282&ulp=https%3A%2F%2Fsantehmoll.ru%2Fproduct%2Fhg_rainselect_termostat_dlya_4_potr_khr%2F%3Futm_source%3Dadmitad%26utm_medium%3Dpartner-network&i=5;Hansgrohe;15382000;6.500
true;Сантехника/Смесители/Для умывальника;RUB;true;;639741;1660103810;Смеситель для раковины без донного клапана Cisal Xion XI002510D1;;true;https://santehmoll.ru/wa-data/public/shop/products/41/97/639741/images/505497/505497.970.jpg;50749.00;XI002510D1;;https://ad.admitad.com/g/dra8qamlvk037e654884d22e56a5b7/?f_id=18282&ulp=https%3A%2F%2Fsantehmoll.ru%2Fproduct%2Fcisal_xion_smesitel_dlya_rakoviny_na_2_otverstiya_iz_steny_izliv_190_mm_vneshnyaya_i_vnutrennyaya_chasti_v%2F%3Futm_source%3Dadmitad%26utm_medium%3Dpartner-network&i=5;Cisal;XI002510D1;
true;Сантехника/Смесители/Для умывальника;RUB;true;;641287;1660103810;Смеситель для раковины без донного клапана Cisal Xion XI000544D1;;true;https://santehmoll.ru/wa-data/public/shop/products/87/12/641287/images/505499/505499.970.jpg;43568.00;XI000544D1;;https://ad.admitad.com/g/dra8qamlvk037e654884d22e56a5b7/?f_id=18282&ulp=https%3A%2F%2Fsantehmoll.ru%2Fproduct%2Fcisal_xion_smesitel_odnorychazhnyy_dlya_rakoviny_na_1_otverstie_bez_donnogo_klapana_cvet_nerzhaveyushchaya%2F%3Futm_source%3Dadmitad%26utm_medium%3Dpartner-network&i=5;Cisal;XI000544D1;
true;Сантехника/Сифоны/Сифоны для раковины;RUB;true;;641049;1660103810;Сифон для раковины Cisal ZA00404221;;true;https://santehmoll.ru/wa-data/public/shop/products/49/10/641049/images/503573/503573.970.jpg;7530.00;ZA00404221;;https://ad.admitad.com/g/dra8qamlvk037e654884d22e56a5b7/?f_id=18282&ulp=https%3A%2F%2Fsantehmoll.ru%2Fproduct%2Fcisal_sifon_1_1_4_dlya_rakoviny_cvet_khrom%2F%3Futm_source%3Dadmitad%26utm_medium%3Dpartner-network&i=5;Cisal;ZA00404221;
true;Сантехника/Смесители/Для умывальника;RUB;true;;639174;1660103810;Смеситель для раковины без донного клапана Cisal Xion XI002511D1;;true;https://santehmoll.ru/wa-data/public/shop/products/74/91/639174/images/505471/505471.970.jpg;57918.00;XI002511D1;;https://ad.admitad.com/g/dra8qamlvk037e654884d22e56a5b7/?f_id=18282&ulp=https%3A%2F%2Fsantehmoll.ru%2Fproduct%2Fcisal_xion_smesitel_dlya_rakoviny_na_2_otverstiya_iz_steny_izliv_250_mm_vneshnyaya_i_vnutrennyaya_chasti_v%2F%3Futm_source%3Dadmitad%26utm_medium%3Dpartner-network&i=5;Cisal;XI002511D1;
true;Сантехника/Смесители/Скрытые части;RUB;true;;639333;1660103810;Скрытая часть Cisal ZA01810104;;true;https://santehmoll.ru/wa-data/public/shop/products/33/93/639333/images/502992/502992.970.jpg;34146.00;ZA01810104;;https://ad.admitad.com/g/dra8qamlvk037e654884d22e56a5b7/?f_id=18282&ulp=https%3A%2F%2Fsantehmoll.ru%2Fproduct%2Fcisal_vstraivaemaya_chast_termostaticheskogo_smesitelya_s_pereklyuchatelem_na_2_polozheniya%2F%3Futm_source%3Dadmitad%26utm_medium%3Dpartner-network&i=5;Cisal;ZA01810104;
true;Сантехника/Раковины;RUB;true;;644552;1660103810;Раковина 46х46 см Kerasan Ciotola 430501;;true;https://santehmoll.ru/wa-data/public/shop/products/52/45/644552/images/429573/429573.970.jpg;26651.00;430501;;https://ad.admitad.com/g/dra8qamlvk037e654884d22e56a5b7/?f_id=18282&ulp=https%3A%2F%2Fsantehmoll.ru%2Fproduct%2Fkerasan_ciotola_umyvalnik_nakladnoy_s5_d_46sm_h_20_sm_cvet_belyy%2F%3Futm_source%3Dadmitad%26utm_medium%3Dpartner-network&i=5;Kerasan;430501;11.000
true;Сантехника/Смесители/Для умывальника;RUB;true;;636895;1660103810;Смеситель для раковины без донного клапана Cisal LineaViva LV00354021;;true;https://santehmoll.ru/wa-data/public/shop/products/95/68/636895/images/504988/504988.970.jpg;32411.00;LV00354021;;https://ad.admitad.com/g/dra8qamlvk037e654884d22e56a5b7/?f_id=18282&ulp=https%3A%2F%2Fsantehmoll.ru%2Fproduct%2Fcisal_lineaviva_smesitel_odnorychazhnyy_dlya_rakoviny_na_1_otverstie_vysokiy_h271_mm_bez_donnogo_klapa%2F%3Futm_source%3Dadmitad%26utm_medium%3Dpartner-network&i=5;Cisal;LV00354021;
true;Мебель для ванной/Пеналы;RUB;true;;659962;1660103810;Пенал напольный/подвесной белый глянец Санта Калипсо 517004N;;true;https://santehmoll.ru/wa-data/public/shop/products/62/99/659962/images/633766/633766.970.jpg;26527.00;517004N;;https://ad.admitad.com/g/dra8qamlvk037e654884d22e56a5b7/?f_id=18282&ulp=https%3A%2F%2Fsantehmoll.ru%2Fproduct%2Fshkaf_penal_kalipso_60_napol_podves_new%2F%3Futm_source%3Dadmitad%26utm_medium%3Dpartner-network&i=5;Санта;517004N;46.000
true;Сантехника/Смесители/Для биде;RUB;true;;684945;1660103810;Смеситель для биде без донного клапана Paffoni Rock RO131CR;;true;https://santehmoll.ru/wa-data/public/shop/products/45/49/684945/images/386433/386433.970.jpg;24233.00;RO131CR;;https://ad.admitad.com/g/dra8qamlvk037e654884d22e56a5b7/?f_id=18282&ulp=https%3A%2F%2Fsantehmoll.ru%2Fproduct%2Fro131cr_smesitel_dlya_bide_bez_d_k_khrom_rock_paffoni_227523_%2F%3Futm_source%3Dadmitad%26utm_medium%3Dpartner-network&i=5;Paffoni;RO131CR;1.680
true;Сантехника/Смесители/Для ванны и душа;RUB;true;;684943;1660103810;Смеситель для ванны Paffoni Ringo RIN018CR/M;;true;https://santehmoll.ru/wa-data/public/shop/products/43/49/684943/images/386554/386554.970.jpg;41946.00;RIN018CR/M;;https://ad.admitad.com/g/dra8qamlvk037e654884d22e56a5b7/?f_id=18282&ulp=https%3A%2F%2Fsantehmoll.ru%2Fproduct%2Fsmesitel_vstraivaemyy_dlya_dusha_na_2_vykhoda_s_nakladkoy_nerzh_stal_120kh190mmdeviator_kartridzh_s_v%2F%3Futm_source%3Dadmitad%26utm_medium%3Dpartner-network&i=5;Paffoni;RIN018CR/M;2.800
true;Сантехника/Смесители/Для кухни;RUB;true;;684864;1660103810;Смеситель для кухни Paffoni Ringo RIN180BO;;true;https://santehmoll.ru/wa-data/public/shop/products/64/48/684864/images/386236/386236.970.jpg;18830.00;RIN180BO;;https://ad.admitad.com/g/dra8qamlvk037e654884d22e56a5b7/?f_id=18282&ulp=https%3A%2F%2Fsantehmoll.ru%2Fproduct%2Fsmesitel_dlya_moyki_s_povorotizlivom_ringo%2F%3Futm_source%3Dadmitad%26utm_medium%3Dpartner-network&i=5;Paffoni;RIN180BO;2.260
true;Сантехника/Смесители/Для ванны и душа;RUB;true;;684879;1660103810;Смеситель для душа Paffoni Candy CA010CR;;false;https://santehmoll.ru/wa-data/public/shop/products/79/48/684879/images/386687/386687.970.jpg;8923.00;CA010CR;;https://ad.admitad.com/g/dra8qamlvk037e654884d22e56a5b7/?f_id=18282&ulp=https%3A%2F%2Fsantehmoll.ru%2Fproduct%2Fsmesitel_vstraivaemyy_dlya_dusha_bez_deviatora_na_1_vykhod_s_nakladkoy_iz_latuni_diam116mm2%2F%3Futm_source%3Dadmitad%26utm_medium%3Dpartner-network&i=5;Paffoni;CA010CR;0.990
true;Мебель для ванной/Мебель 60 - 70 см;RUB;true;;683534;1660103810;Тумба с раковиной белый глянец/антик 66 см Corozo Гольф SETSD-00000311/SD-00000391;;false;https://santehmoll.ru/wa-data/public/shop/products/34/35/683534/images/404015/404015.970.jpg;25640.00;SETSD-00000311/SD-00000391;;https://ad.admitad.com/g/dra8qamlvk037e654884d22e56a5b7/?f_id=18282&ulp=https%3A%2F%2Fsantehmoll.ru%2Fproduct%2Fsetsd00000311_sd00000391%2F%3Futm_source%3Dadmitad%26utm_medium%3Dpartner-network&i=5;Corozo;SETSD-00000311/SD-00000391;
true;Мебель для ванной/Мебель 80 - 90 см;RUB;true;;683537;1660103810;Тумба с раковиной белый глянец 81 см Corozo Классика SETSD-00000351/SD-00000376;;false;https://santehmoll.ru/wa-data/public/shop/products/37/35/683537/images/403801/403801.970.jpg;24790.00;SETSD-00000351/SD-00000376;;https://ad.admitad.com/g/dra8qamlvk037e654884d22e56a5b7/?f_id=18282&ulp=https%3A%2F%2Fsantehmoll.ru%2Fproduct%2Fsetsd00000351_sd00000376%2F%3Futm_source%3Dadmitad%26utm_medium%3Dpartner-network&i=5;Corozo;SETSD-00000351/SD-00000376;
true;Сантехника/Смесители/Для ванны и душа;RUB;true;;684946;1660103810;Смеситель для ванны Paffoni Rock RO022CR;;true;https://santehmoll.ru/wa-data/public/shop/products/46/49/684946/images/386370/386370.970.jpg;32095.00;RO022CR;;https://ad.admitad.com/g/dra8qamlvk037e654884d22e56a5b7/?f_id=18282&ulp=https%3A%2F%2Fsantehmoll.ru%2Fproduct%2Fsmesitel_dlya_rakoviny_bez_d_k_paffoni_rock%2F%3Futm_source%3Dadmitad%26utm_medium%3Dpartner-network&i=5;Paffoni;RO022CR;3.020
true;Сантехника/Смесители/Для умывальника;RUB;true;;744451;1660103810;Смеситель для раковины без донного клапана Paffoni Ringo RIN105BO;;true;https://santehmoll.ru/wa-data/public/shop/products/51/44/744451/images/386573/386573.970.jpg;41340.00;RIN105BO;;https://ad.admitad.com/g/dra8qamlvk037e654884d22e56a5b7/?f_id=18282&ulp=https%3A%2F%2Fsantehmoll.ru%2Fproduct%2F00227572%2F%3Futm_source%3Dadmitad%26utm_medium%3Dpartner-network&i=5;Paffoni;RIN105BO;2.680
true;Сантехника/Смесители/Для умывальника;RUB;true;;744443;1660103810;Смеситель для раковины без донного клапана Paffoni Elle EL105CR70;;true;https://santehmoll.ru/wa-data/public/shop/products/43/44/744443/images/386663/386663.970.jpg;48531.00;EL105CR70;;https://ad.admitad.com/g/dra8qamlvk037e654884d22e56a5b7/?f_id=18282&ulp=https%3A%2F%2Fsantehmoll.ru%2Fproduct%2F00227667%2F%3Futm_source%3Dadmitad%26utm_medium%3Dpartner-network&i=5;Paffoni;EL105CR70;2.680
true;Сантехника/Смесители/Для ванны и душа;RUB;true;;744440;1660103810;Смеситель для душа Paffoni Light LIG011NO;;false;https://santehmoll.ru/wa-data/public/shop/products/40/44/744440/images/386634/386634.970.jpg;19837.00;LIG011NO;;https://ad.admitad.com/g/dra8qamlvk037e654884d22e56a5b7/?f_id=18282&ulp=https%3A%2F%2Fsantehmoll.ru%2Fproduct%2F00227593%2F%3Futm_source%3Dadmitad%26utm_medium%3Dpartner-network&i=5;Paffoni;LIG011NO;1.100
true;Сантехника/Смесители;RUB;true;;747093;1660103810;Комплект смесителей IDDIS Oldie OLDBR00I02 + OLDBR00I01;21418.00;true;https://santehmoll.ru/wa-data/public/shop/products/93/70/747093/images/390647/390647.970.jpg;19920.00;SETOLDBR00I02/OLDBR00I01;;https://ad.admitad.com/g/dra8qamlvk037e654884d22e56a5b7/?f_id=18282&ulp=https%3A%2F%2Fsantehmoll.ru%2Fproduct%2Fkomplekt_smesiteley_iddis_oldie_oldbr00i02_oldbr00i01%2F%3Futm_source%3Dadmitad%26utm_medium%3Dpartner-network&i=5;IDDIS;SETOLDBR00I02/OLDBR00I01;
true;Сантехника/Душевая/Душевые лейки;RUB;true;;807279;1660103810;Душевая лейка 112 мм IDDIS Sena SEN3F00i18;;true;https://santehmoll.ru/wa-data/public/shop/products/79/72/807279/images/654535/654535.970.jpg;2090.00;SEN3F00i18;;https://ad.admitad.com/g/dra8qamlvk037e654884d22e56a5b7/?f_id=18282&ulp=https%3A%2F%2Fsantehmoll.ru%2Fproduct%2Fsen3f00i18%2F%3Futm_source%3Dadmitad%26utm_medium%3Dpartner-network&i=5;IDDIS;SEN3F00i18;0.340
true;Сантехника/Раковины;RUB;true;;810434;1660103810;Раковина 55x35 см Artceram Cognac COL003 05 00;;true;https://santehmoll.ru/wa-data/public/shop/products/34/04/810434/images/495581/495581.970.jpg;62080.00;COL003 05 00;;https://ad.admitad.com/g/dra8qamlvk037e654884d22e56a5b7/?f_id=18282&ulp=https%3A%2F%2Fsantehmoll.ru%2Fproduct%2Fartceram_cognac_rakovina_nakladnaya_55kh35_sm_bez_otv_pod_smesitel_bez_sliv_pereliva_cvet_belyy2%2F%3Futm_source%3Dadmitad%26utm_medium%3Dpartner-network&i=5;Artceram;COL003 05 00;9.000
true;Сантехника/Душевая/Душевые гарнитуры;RUB;true;;809893;1660103810;Гигиенический набор Cisal Xion XI007915D1;;true;https://santehmoll.ru/wa-data/public/shop/products/93/98/809893/images/505716/505716.970.jpg;35471.00;XI007915D1;;https://ad.admitad.com/g/dra8qamlvk037e654884d22e56a5b7/?f_id=18282&ulp=https%3A%2F%2Fsantehmoll.ru%2Fproduct%2Fcisal_xion_gigienicheskiy_dush_so_shlangom_120_sm_vyvod_s_derzhatelem_cvet_nerzhaveyushchaya_stal2%2F%3Futm_source%3Dadmitad%26utm_medium%3Dpartner-network&i=5;Cisal;XI007915D1;
true;Сантехника/Раковины;RUB;true;;810875;1660103810;Раковина 60x40 см Artceram Atelier ATL002 01 00;;true;https://santehmoll.ru/wa-data/public/shop/products/75/08/810875/images/495599/495599.970.jpg;34310.00;ATL002 01 00;;https://ad.admitad.com/g/dra8qamlvk037e654884d22e56a5b7/?f_id=18282&ulp=https%3A%2F%2Fsantehmoll.ru%2Fproduct%2Fartceram_atelier_rakovina_nakladnaya_60x40khh15sm_bez_otv_pod_smesitel_bez_pereliva_cvet_belyy%2F%3Futm_source%3Dadmitad%26utm_medium%3Dpartner-network&i=5;Artceram;ATL002 01 00;12.000
true;Сантехника/Раковины;RUB;true;;810462;1660103810;Раковина 55x35 см Artceram Cognac COL008 01 00;;true;https://santehmoll.ru/wa-data/public/shop/products/62/04/810462/images/495559/495559.970.jpg;38327.00;COL008 01 00;;https://ad.admitad.com/g/dra8qamlvk037e654884d22e56a5b7/?f_id=18282&ulp=https%3A%2F%2Fsantehmoll.ru%2Fproduct%2Fartceram_cognac_rakovina_nakladnaya_quadro_55x35_sm_cvet_belyy%2F%3Futm_source%3Dadmitad%26utm_medium%3Dpartner-network&i=5;Artceram;COL008 01 00;12.500
true;Мебель для ванной/Зеркала для ванной комнаты;RUB;true;;854372;1660103810;Зеркало 120х80 см Silver Mirrors Stiv ФР-00002225;;true;https://santehmoll.ru/wa-data/public/shop/products/72/43/854372/images/553593/553593.970.jpg;14472.00;FP-00002225;;https://ad.admitad.com/g/dra8qamlvk037e654884d22e56a5b7/?f_id=18282&ulp=https%3A%2F%2Fsantehmoll.ru%2Fproduct%2Fstiv_1200kh800_2_dvoynoy_podogrev_sensornyy_vyklyuchatel_zerkalo%2F%3Futm_source%3Dadmitad%26utm_medium%3Dpartner-network&i=5;Silver Mirrors;FP-00002225;14.500
true;Сантехника/Смесители/Для ванны и душа;RUB;true;;885913;1660103810;Центральный термостат Hansgrohe ShowerSelect Highflow 15760700;91991.00;true;https://santehmoll.ru/wa-data/public/shop/products/13/59/885913/images/543616/543616.970.jpg;85257.00;15760700;;https://ad.admitad.com/g/dra8qamlvk037e654884d22e56a5b7/?f_id=18282&ulp=https%3A%2F%2Fsantehmoll.ru%2Fproduct%2Fhg_showerselect_termostat_highflow_sm_mb%2F%3Futm_source%3Dadmitad%26utm_medium%3Dpartner-network&i=5;Hansgrohe;15760700;1.978
true;Сантехника/Смесители/Для биде;RUB;true;;416307;1660103810;Смеситель для биде без донного клапана Paffoni Ringo RIN131NO;;true;https://santehmoll.ru/wa-data/public/shop/products/07/63/416307/images/386581/386581.970.jpg;21098.00;RIN131NO;;https://ad.admitad.com/g/dra8qamlvk037e654884d22e56a5b7/?f_id=18282&ulp=https%3A%2F%2Fsantehmoll.ru%2Fproduct%2Fsmesitel_dlya_bide_bez_d_k4%2F%3Futm_source%3Dadmitad%26utm_medium%3Dpartner-network&i=5;Paffoni;RIN131NO;1.530
true;Сантехника/Смесители/Для ванны и душа;RUB;true;;553234;1660103810;Термостат для ванны Paffoni Light LIQ022NO;;true;https://santehmoll.ru/wa-data/public/shop/products/34/32/553234/images/386247/386247.970.jpg;48715.00;LIQ022NO;;https://ad.admitad.com/g/dra8qamlvk037e654884d22e56a5b7/?f_id=18282&ulp=https%3A%2F%2Fsantehmoll.ru%2Fproduct%2Fsmesitel_dlya_vanny_termostaticheskiy_bez_dushnabora2%2F%3Futm_source%3Dadmitad%26utm_medium%3Dpartner-network&i=5;Paffoni;LIQ022NO;2.800
true;Сантехника/Смесители/Для биде;RUB;true;;744441;1660103810;Смеситель для биде без донного клапана Paffoni Elle EL131CR;;false;https://santehmoll.ru/wa-data/public/shop/products/41/44/744441/images/386408/386408.970.jpg;21844.00;EL131CR;;https://ad.admitad.com/g/dra8qamlvk037e654884d22e56a5b7/?f_id=18282&ulp=https%3A%2F%2Fsantehmoll.ru%2Fproduct%2F00227668%2F%3Futm_source%3Dadmitad%26utm_medium%3Dpartner-network&i=5;Paffoni;EL131CR;1.720
