id;url;avaible
225836;https://ad.admitad.com/g/dra8qamlvk037e654884d22e56a5b7/?f_id=18282&ulp=https%3A%2F%2Fsantehmoll.ru%2Fproduct%2F1a221401vtd70%2F%3Futm_source%3Dadmitad%26utm_medium%3Dpartner-network&i=5;В наличии
id;url;avaible
225836;https://ad.admitad.com/g/dra8qamlvk037e654884d22e56a5b7/?f_id=18282&ulp=https%3A%2F%2Fsantehmoll.ru%2Fproduct%2F1a221401vtd70%2F%3Futm_source%3Dadmitad%26utm_medium%3Dpartner-network&i=5;В наличии
id;url;avaible
225836;https://11ad.admitad.com/g/dra8qamlvk037e654884d22e56a5b7/?f_id=18282&ulp=https%3A%2F%2Fsantehmoll.ru%2Fproduct%2F1a221401vtd70%2F%3Futm_source%3Dadmitad%26utm_medium%3Dpartner-network&i=5;Ссылка не работает
id;url;avaible
225836;https://ad.admitad.com/g/dra8qamlvk037e654884d22e56a5b7/?f_id=18282&ulp=https%3A%2F%2Fsantehmoll.ru%2Fproduct%2F1a221401vtd70%2F%3Futm_source%3Dadmitad%26utm_medium%3Dpartner-network&i=5;В наличии
id;url;avaible
225836;https://11ad.admitad.com/g/dra8qamlvk037e654884d22e56a5b7/?f_id=18282&ulp=https%3A%2F%2Fsantehmoll.ru%2Fproduct%2F1a221401vtd70%2F%3Futm_source%3Dadmitad%26utm_medium%3Dpartner-network&i=5;Ссылка не работает
id;url;avaible
225836;https://11ad.admitad.com/g/dra8qamlvk037e654884d22e56a5b7/?f_id=18282&ulp=https%3A%2F%2Fsantehmoll.ru%2Fproduct%2F1a221401vtd70%2F%3Futm_source%3Dadmitad%26utm_medium%3Dpartner-network&i=5;Ссылка не работает
id;url;avaible
225836;https://ad.admitad.com/g/dra8qamlvk037e654884d22e56a5b7/?f_id=18282&ulp=https%3A%2F%2Fsantehmoll.ru%2Fproduct%2F1a221401vtd70%2F%3Futm_source%3Dadmitad%26utm_medium%3Dpartner-network&i=5;В наличии
id;url;avaible
id;url;avaible
